"priority","route","page_type","quality_status","approval_recorded","user_intent","audience","primary_keyword","key_topics","source_count","official_sources","source_last_checked","author","reviewer","approved_by","approved_at","required_action"
"P1","/","home","needs_revision","no","informational","Indian taxpayers, founders, and small businesses","ITR filing India","AY 2026-27 ITR filing path | Form 16, AIS, and Form 26AS checks | Income tax calculator and CA review options | AY 2026-27 filing path | Documents and review signals","3","MyeCA service catalog: https://myeca.in/services | MyeCA pricing and service scope: https://myeca.in/pricing | MyeCA trust and data-handling overview: https://myeca.in/trust","2026-06-30","MyeCA Editorial Team - Tax and compliance editorial team","","","","Human review required: verify claims, source fit, examples, links, CTA, authorship, and visible body; then record approval in the CMS or source context."
"P1","/about","trust","needs_revision","no","informational","Prospective customers and partners verifying MyeCA's business identity, service scope, and operating model","about myeca","about myeca | tax experts India | fintech startup India | tax filing company | What MyeCA does | How to assess the service | Where to verify scope","2","MyeCA trust and data-handling overview: https://myeca.in/trust | MyeCA service catalog: https://myeca.in/services","2026-06-30","MyeCA Editorial Team - Tax and compliance editorial team","","","","Human review required: verify claims, source fit, examples, links, CTA, authorship, and visible body; then record approval in the CMS or source context."
"P1","/compare","comparison","needs_revision","no","commercial","Taxpayers and business owners choosing between self-service and assisted filing or compliance support","tax filing comparison","tax filing comparison | ITR platform comparison | tax tool comparison | Define one comparison case | Compare scope and total cost | Verify current terms","2","MyeCA pricing and service scope: https://myeca.in/pricing | Income Tax Department: https://www.incometax.gov.in/","2026-06-30","MyeCA Editorial Team - Tax and compliance editorial team","","","","Human review required: verify claims, source fit, examples, links, CTA, authorship, and visible body; then record approval in the CMS or source context."
"P1","/compare/best-ca-assisted-itr-filing","comparison","needs_revision","no","commercial","Taxpayers with salary, capital gains, business income, foreign assets, or notice-response needs","CA assisted ITR filing comparison","Compare the review required by the return, not a generic package name | Check reviewer role, evidence handoff, and correction boundaries | No ranking can replace the taxpayer's actual case facts | Classify the return before comparing assisted filing | Inspect the actual review and evidence handoff | Apply current terms to the same case","2","Income Tax Department: https://www.incometax.gov.in/ | MyeCA pricing and service scope: https://myeca.in/pricing","2026-06-30","MyeCA Editorial Team - Tax and compliance editorial team","","","","Human review required: verify claims, source fit, examples, links, CTA, authorship, and visible body; then record approval in the CMS or source context."
"P1","/compare/cleartax-alternative","comparison","needs_revision","no","commercial","Taxpayers who need assisted ITR filing with clear document-review and support scope","ClearTax alternative","ClearTax alternative | For taxpayers comparing assisted filing | Compare CA assisted document review, case tracking, and scope visibility | Prepare filing complexity, support needs, document readiness, and post-filing expectations | ClearTax alternative comparison method | CA assisted: compare scope, cost, and follow-up | ITR evidence limits","2","ClearTax public pricing: https://cleartax.in/s/pricing | MyeCA pricing and service scope: https://myeca.in/pricing","2026-06-30","MyeCA Editorial Team - Tax and compliance editorial team","","","","Human review required: verify claims, source fit, examples, links, CTA, authorship, and visible body; then record approval in the CMS or source context."
"P1","/compare/indiafilings-alternative","comparison","needs_revision","no","commercial","Founders and small businesses choosing support for registration, GST, and recurring compliance","IndiaFilings alternative","Compare responsibility across registration and recurring compliance | Use a dated business-stage inventory and written handover terms | No platform ranking or promised regulatory outcome | Map the business stage before comparing support | Compare document ownership and recurring cadence | Use current terms without assuming superiority","2","IndiaFilings public service catalog: https://www.indiafilings.com/ | MyeCA startup service scope: https://myeca.in/startup-services","2026-06-30","MyeCA Editorial Team - Tax and compliance editorial team","","","","Human review required: verify claims, source fit, examples, links, CTA, authorship, and visible body; then record approval in the CMS or source context."
"P1","/compare/quicko-capital-gains-alternative","comparison","needs_revision","no","commercial","Investors with broker statements, AIS mismatches, F&O, or VDA transactions","Quicko alternative","Compare transaction import coverage and exception handling | Test one anonymised broker dataset before relying on automation | Tax classification and return-form decisions remain fact-specific | Define the investment-data problem | Test import output and exception handling | Compare current terms and review boundaries","2","Quicko public pricing: https://quicko.com/pricing | MyeCA pricing and service scope: https://myeca.in/pricing","2026-06-30","MyeCA Editorial Team - Tax and compliance editorial team","","","","Human review required: verify claims, source fit, examples, links, CTA, authorship, and visible body; then record approval in the CMS or source context."
"P1","/compare/taxbuddy-alternative","comparison","needs_revision","no","commercial","Taxpayers with document gaps, prior notices, or complex returns who need expert filing support","TaxBuddy alternative","Compare support ownership, response channels, and post-filing follow-up | Use one anonymised return scenario and dated written terms | No provider ranking or guaranteed outcome | Define the support problem before comparing providers | Test communication and case ownership | Compare the dated scope, not a headline label","2","TaxBuddy public pricing: https://www.taxbuddy.com/pricing-itr-app | MyeCA pricing and service scope: https://myeca.in/pricing","2026-06-30","MyeCA Editorial Team - Tax and compliance editorial team","","","","Human review required: verify claims, source fit, examples, links, CTA, authorship, and visible body; then record approval in the CMS or source context."
"P1","/legal/disclaimer","legal","needs_revision","no","informational","Readers checking the limits of MyeCA's tax information, estimates, and professional-support scope","MyeCA disclaimer","MyeCA disclaimer | tax guidance disclaimer | legal disclaimer India | calculator disclaimer | What the disclaimer covers | Limits of general information | When case-specific review is needed","2","MyeCA terms of service: https://myeca.in/legal/terms-of-service | MyeCA pricing and service scope: https://myeca.in/pricing","2026-06-30","MyeCA Editorial Team - Tax and compliance editorial team","","","","Human review required: verify claims, source fit, examples, links, CTA, authorship, and visible body; then record approval in the CMS or source context."
"P1","/legal/privacy-policy","legal","needs_revision","no","informational","Customers deciding what personal and tax-document data to share with MyeCA","Legal Privacy Policy","Information covered by the policy | How records are used and protected | Privacy questions and requests","2","MyeCA trust and data-handling overview: https://myeca.in/trust | MyeCA contact and data-request route: https://myeca.in/contact","2026-06-30","MyeCA Editorial Team - Tax and compliance editorial team","","","","Human review required: verify claims, source fit, examples, links, CTA, authorship, and visible body; then record approval in the CMS or source context."
"P1","/legal/refund-policy","legal","needs_revision","no","informational","Customers checking refund eligibility, exclusions, evidence, and request steps for a MyeCA payment","Legal Refund Policy","Check whether the purchase is covered | Prepare payment and service records | Submit a traceable refund request","2","MyeCA terms of service: https://myeca.in/legal/terms-of-service | MyeCA pricing and service scope: https://myeca.in/pricing","2026-06-30","MyeCA Editorial Team - Tax and compliance editorial team","","","","Human review required: verify claims, source fit, examples, links, CTA, authorship, and visible body; then record approval in the CMS or source context."
"P1","/legal/terms-of-service","legal","needs_revision","no","informational","Customers reviewing account, payment, service-scope, third-party portal, and dispute terms","Legal Terms Of Service","Terms that govern use | Responsibilities and service limits | Questions before accepting","2","MyeCA privacy policy: https://myeca.in/legal/privacy-policy | MyeCA pricing and service scope: https://myeca.in/pricing","2026-06-30","MyeCA Editorial Team - Tax and compliance editorial team","","","","Human review required: verify claims, source fit, examples, links, CTA, authorship, and visible body; then record approval in the CMS or source context."
"P1","/trust","trust","needs_revision","no","informational","Taxpayers and businesses deciding whether to share financial records or purchase MyeCA support","MyeCA trust","Document-based professional review where shown | Editorial policy and correction policy for tax content | Secure document and data handling expectations | Professional review workflow | Editorial policy and correction policy | Data handling and document privacy | Refund/payment scope | Contact and escalation","2","MyeCA privacy policy: https://myeca.in/legal/privacy-policy | MyeCA terms of service: https://myeca.in/legal/terms-of-service","2026-06-30","MyeCA Editorial Team - Tax and compliance editorial team","","","","Human review required: verify claims, source fit, examples, links, CTA, authorship, and visible body; then record approval in the CMS or source context."
"P2","/all-services","hub","needs_revision","no","informational","Taxpayers, founders, and business owners choosing a filing, registration, compliance, or advisory service","CA services","CA services | tax services | business registration | service catalogue | tax APIs | Choose by required outcome | Prepare the case records | Confirm scope before payment","2","MyeCA service catalog: https://myeca.in/services | MyeCA pricing and service scope: https://myeca.in/pricing","2026-06-30","MyeCA Editorial Team - Tax and compliance editorial team","","","","Human review required: verify claims, source fit, examples, links, CTA, authorship, and visible body; then record approval in the CMS or source context."
"P2","/blog","hub","needs_revision","no","informational","Indian taxpayers and business owners looking for evidence-backed filing and compliance guidance","AY 2026-27 ITR filing","ITR season explainers | Salary, TDS, AIS, and refund topics | Links from guides to filing tools | ITR season knowledge hub | Evidence-first filing guidance","2","MyeCA tax and compliance guide library: https://myeca.in/learn/guides | MyeCA information-use disclaimer: https://myeca.in/legal/disclaimer","2026-06-30","MyeCA Editorial Team - Tax and compliance editorial team","","","","Human review required: verify claims, source fit, examples, links, CTA, authorship, and visible body; then record approval in the CMS or source context."
"P2","/calculators","hub","needs_revision","no","informational","Taxpayers, borrowers, and investors choosing an estimate or planning tool for a specific decision","tax calculators India","tax calculators India | income tax calculator | GST calculator | capital gains calculator | financial calculators | Pick the calculator for the decision | Save inputs and assumptions | Verify before acting","2","MyeCA calculator methodology overview: https://myeca.in/features/tax-calculator | MyeCA estimate and information-use disclaimer: https://myeca.in/legal/disclaimer","2026-06-30","MyeCA Editorial Team - Tax and compliance editorial team","","","","Human review required: verify claims, source fit, examples, links, CTA, authorship, and visible body; then record approval in the CMS or source context."
"P2","/calculators/advance-tax","calculator","needs_revision","no","transactional","Taxpayers with non-salary income estimating advance-tax instalments and interest exposure","FY 2025-26 advance tax reconciliation","Advance tax calculator | For taxpayers with non-salary income | Estimate advance-tax installments and interest risk | Prepare income estimate, TDS credits, due dates, and capital gains timing | Advance tax calculator inputs and output | Installment limits and verification | 234C next workflow","1","Income Tax Department: https://www.incometax.gov.in/","2026-06-30","MyeCA Editorial Team - Tax and compliance editorial team","","","","Human review required: verify claims, source fit, examples, links, CTA, authorship, and visible body; then record approval in the CMS or source context."
"P2","/calculators/capital-gains","calculator","needs_revision","no","transactional","Investors and property sellers estimating short-term and long-term capital-gains tax","capital gains calculator","Capital gains calculator | For investors and property sellers | Estimate STCG, LTCG, exemptions, and ITR form impact | Prepare broker statements, purchase dates, sale values, and AIS capital gains entries | Capital gains calculator inputs and output | STCG limits and verification | LTCG next workflow","2","Income Tax Department: https://www.incometax.gov.in/ | Securities and Exchange Board of India: https://www.sebi.gov.in/","2026-06-30","MyeCA Editorial Team - Tax and compliance editorial team","","","","Human review required: verify claims, source fit, examples, links, CTA, authorship, and visible body; then record approval in the CMS or source context."
"P2","/calculators/car-loan","calculator","needs_revision","no","transactional","Vehicle buyers comparing monthly instalments and total borrowing cost","car loan emi calculator","car loan emi calculator | vehicle loan calculator | auto loan emi | car loan interest rates | Enter the vehicle-loan terms | Read EMI and total interest | Compare the lender offer","1","Reserve Bank of India: https://www.rbi.org.in/","2026-06-30","MyeCA Editorial Team - Tax and compliance editorial team","","","","Human review required: verify claims, source fit, examples, links, CTA, authorship, and visible body; then record approval in the CMS or source context."
"P2","/calculators/deductions","calculator","needs_revision","no","transactional","Taxpayers checking deduction categories, evidence gaps, and regime impact before filing","Tax Deduction Planner","Section-wise checklist | Document readiness | Regime comparison prompt | ITR filing handoff | Tax Deduction Planner: output and intended use | Tax Deduction Planner: inputs to verify | Tax Deduction Planner: limitations before acting","1","Income Tax Department: https://www.incometax.gov.in/","2026-06-30","MyeCA Editorial Team - Tax and compliance editorial team","","","","Human review required: verify claims, source fit, examples, links, CTA, authorship, and visible body; then record approval in the CMS or source context."
"P2","/calculators/education-loan","calculator","needs_revision","no","transactional","Students and families modelling education-loan disbursement, moratorium, EMI, and interest","education loan emi calculator","education loan emi calculator | study loan calculator | education loan moratorium calculator | section 80E calculator | Model disbursement and moratorium | Understand the repayment estimate | Check the sanction terms","1","Reserve Bank of India: https://www.rbi.org.in/","2026-06-30","MyeCA Editorial Team - Tax and compliance editorial team","","","","Human review required: verify claims, source fit, examples, links, CTA, authorship, and visible body; then record approval in the CMS or source context."
"P2","/calculators/elss","calculator","needs_revision","no","transactional","Taxpayers assessing ELSS lock-in, 80C usage, investment risk, and filing records","ELSS Tax Saving Guide","Tax-saving overview | Risk checklist | Lock-in reminder | Comparison handoff | ELSS Tax Saving Guide: output and intended use | ELSS Tax Saving Guide: inputs to verify | ELSS Tax Saving Guide: limitations before acting","2","Income Tax Department: https://www.incometax.gov.in/ | Securities and Exchange Board of India: https://www.sebi.gov.in/","2026-06-30","MyeCA Editorial Team - Tax and compliance editorial team","","","","Human review required: verify claims, source fit, examples, links, CTA, authorship, and visible body; then record approval in the CMS or source context."
"P2","/calculators/emi","calculator","needs_revision","no","transactional","Borrowers comparing monthly instalments, tenure, and total interest across loan scenarios","emi calculator","EMI calculator | For borrowers | Estimate loan EMI and repayment burden | Prepare loan amount, interest rate, tenure, fees, and prepayment assumptions | EMI calculator inputs and output | Loan limits and verification | Interest next workflow","1","Reserve Bank of India: https://www.rbi.org.in/","2026-06-30","MyeCA Editorial Team - Tax and compliance editorial team","","","","Human review required: verify claims, source fit, examples, links, CTA, authorship, and visible body; then record approval in the CMS or source context."
"P2","/calculators/epf","calculator","needs_revision","no","transactional","Employees reviewing EPF contributions, records, transfers, withdrawals, or retirement planning","EPF calculator","Contribution checklist | Payroll record review | Retirement planning handoff | Compliance links | EPF Planning Guide: output and intended use | EPF Planning Guide: inputs to verify | EPF Planning Guide: limitations before acting","1","Employees' Provident Fund Organisation: https://www.epfindia.gov.in/","2026-06-30","MyeCA Editorial Team - Tax and compliance editorial team","","","","Human review required: verify claims, source fit, examples, links, CTA, authorship, and visible body; then record approval in the CMS or source context."
"P2","/calculators/fd","calculator","needs_revision","no","transactional","Deposit investors estimating fixed-deposit maturity and taxable interest","fd calculator","FD calculator | For deposit investors | Estimate fixed deposit maturity and taxable interest | Prepare deposit amount, tenure, compounding, AIS interest, and TDS credit | FD calculator inputs and output | Interest limits and verification | TDS next workflow","1","Reserve Bank of India: https://www.rbi.org.in/","2026-06-30","MyeCA Editorial Team - Tax and compliance editorial team","","","","Human review required: verify claims, source fit, examples, links, CTA, authorship, and visible body; then record approval in the CMS or source context."
"P2","/calculators/fd-enhanced","calculator","needs_revision","no","transactional","Deposit investors comparing compounding, maturity value, and post-tax fixed-deposit returns","enhanced FD calculator","enhanced FD calculator | post tax FD estimate | FD compounding calculator | fixed deposit maturity planner | Set deposit and compounding terms | Review maturity and post-tax return | Verify the bank rate","1","Reserve Bank of India: https://www.rbi.org.in/","2026-06-30","MyeCA Editorial Team - Tax and compliance editorial team","","","","Human review required: verify claims, source fit, examples, links, CTA, authorship, and visible body; then record approval in the CMS or source context."
"P2","/calculators/gratuity","calculator","needs_revision","no","transactional","Employees leaving or retiring who need an indicative gratuity and tax-planning estimate","gratuity calculator","Gratuity calculator | For employees leaving or retiring | Estimate gratuity and possible tax exposure | Prepare basic salary, DA, completed service, employer type, and settlement letter | Gratuity calculator inputs and output | Salary limits and verification | Exemption next workflow","1","Ministry of Labour and Employment: https://labour.gov.in/","2026-06-30","MyeCA Editorial Team - Tax and compliance editorial team","","","","Human review required: verify claims, source fit, examples, links, CTA, authorship, and visible body; then record approval in the CMS or source context."
"P2","/calculators/gst","calculator","needs_revision","no","transactional","Businesses calculating inclusive or exclusive GST values for an invoice or quotation","GST calculator","GST calculator | For business owners | Estimate inclusive and exclusive GST values | Prepare invoice value, GST rate, place of supply, and HSN/SAC classification | GST calculator inputs and output | Invoice limits and verification | CGST next workflow","1","GST Portal: https://www.gst.gov.in/","2026-06-30","MyeCA Editorial Team - Tax and compliance editorial team","","","","Human review required: verify claims, source fit, examples, links, CTA, authorship, and visible body; then record approval in the CMS or source context."
"P2","/calculators/home-loan","calculator","needs_revision","no","transactional","Home buyers and borrowers comparing housing-loan EMI, interest, and affordability","home loan emi calculator","Home loan calculator | For home buyers | Estimate EMI and possible housing-loan tax planning inputs | Prepare loan certificate, interest component, property use, and regime choice | Home loan calculator inputs and output | EMI limits and verification | Interest next workflow","1","Reserve Bank of India: https://www.rbi.org.in/","2026-06-30","MyeCA Editorial Team - Tax and compliance editorial team","","","","Human review required: verify claims, source fit, examples, links, CTA, authorship, and visible body; then record approval in the CMS or source context."
"P2","/calculators/hra","calculator","needs_revision","no","transactional","Salaried tenants estimating HRA exemption before choosing a tax regime or filing","HRA calculator","HRA calculator | For salaried tenants | Estimate house rent allowance exemption before choosing a tax regime | Prepare rent receipts, landlord details, salary breakup, and Form 16 | HRA calculator inputs and output | Rent limits and verification | Form 16 next workflow","1","Income Tax Department: https://www.incometax.gov.in/","2026-06-30","MyeCA Editorial Team - Tax and compliance editorial team","","","","Human review required: verify claims, source fit, examples, links, CTA, authorship, and visible body; then record approval in the CMS or source context."
"P2","/calculators/income-tax","calculator","needs_revision","no","transactional","Individual taxpayers estimating AY 2026-27 liability and comparing old and new regimes","income tax calculator 2026","AY 2026-27 income tax estimate | Old versus new regime comparison | Use before selecting the ITR path | Income tax calculator inputs and output | Income tax output limits and verification","1","Income Tax Department: https://www.incometax.gov.in/","2026-06-30","MyeCA Editorial Team - Tax and compliance editorial team","","","","Human review required: verify claims, source fit, examples, links, CTA, authorship, and visible body; then record approval in the CMS or source context."
"P2","/calculators/inflation","calculator","needs_revision","no","transactional","Households and investors estimating future cost or purchasing-power erosion","inflation calculator","inflation calculator | future cost calculator | purchasing power calculator | consumer inflation estimate | Set today's cost and time horizon | Interpret future purchasing power | Use a range for planning","1","Reserve Bank of India: https://www.rbi.org.in/","2026-06-30","MyeCA Editorial Team - Tax and compliance editorial team","","","","Human review required: verify claims, source fit, examples, links, CTA, authorship, and visible body; then record approval in the CMS or source context."
"P2","/calculators/loan-eligibility","calculator","needs_revision","no","transactional","Borrowers estimating affordable debt from verified income and existing obligations","loan eligibility calculator","loan eligibility calculator | FOIR calculator | eligible loan amount calculator | Enter income and existing obligations | Review the indicative loan amount | Confirm lender policy","1","Reserve Bank of India: https://www.rbi.org.in/","2026-06-30","MyeCA Editorial Team - Tax and compliance editorial team","","","","Human review required: verify claims, source fit, examples, links, CTA, authorship, and visible body; then record approval in the CMS or source context."
"P2","/calculators/lumpsum","calculator","needs_revision","no","transactional","Investors projecting the future value of a one-time investment under different return assumptions","lumpsum calculator","lumpsum calculator | investment return calculator | future value calculator | Enter investment and holding period | Read the projected value | Stress-test the assumption","1","Securities and Exchange Board of India: https://www.sebi.gov.in/","2026-06-30","MyeCA Editorial Team - Tax and compliance editorial team","","","","Human review required: verify claims, source fit, examples, links, CTA, authorship, and visible body; then record approval in the CMS or source context."
"P2","/calculators/nps","calculator","needs_revision","no","transactional","Retirement savers estimating NPS corpus, annuity allocation, and contribution scenarios","nps calculator","NPS calculator | For retirement planners | Estimate NPS corpus and annuity outcomes | Prepare contribution amount, retirement age, expected return, and deduction eligibility | NPS calculator inputs and output | Retirement limits and verification | Deduction next workflow","1","Pension Fund Regulatory and Development Authority: https://www.pfrda.org.in/","2026-06-30","MyeCA Editorial Team - Tax and compliance editorial team","","","","Human review required: verify claims, source fit, examples, links, CTA, authorship, and visible body; then record approval in the CMS or source context."
"P2","/calculators/personal-loan","calculator","needs_revision","no","transactional","Borrowers comparing personal-loan EMI, affordability, and total borrowing cost","personal loan emi calculator","personal loan emi calculator | personal loan calculator | EMI income ratio calculator | unsecured loan calculator | Enter principal, rate, and tenure | Review EMI and borrowing cost | Compare the sanction letter","1","Reserve Bank of India: https://www.rbi.org.in/","2026-06-30","MyeCA Editorial Team - Tax and compliance editorial team","","","","Human review required: verify claims, source fit, examples, links, CTA, authorship, and visible body; then record approval in the CMS or source context."
"P2","/calculators/ppf","calculator","needs_revision","no","transactional","Long-term savers estimating PPF deposits, maturity value, and 80C planning impact","ppf calculator","PPF calculator | For old-regime savers | Estimate PPF maturity and 80C planning value | Prepare deposit pattern, tenure, interest assumption, and 80C limit | PPF calculator inputs and output | 80C limits and verification | Maturity next workflow","1","Department of Posts - Small Savings Schemes: https://www.indiapost.gov.in/Financial/Pages/Content/Post-Office-Saving-Schemes.aspx","2026-06-30","MyeCA Editorial Team - Tax and compliance editorial team","","","","Human review required: verify claims, source fit, examples, links, CTA, authorship, and visible body; then record approval in the CMS or source context."
"P2","/calculators/rd","calculator","needs_revision","no","transactional","Regular savers estimating recurring-deposit maturity from monthly deposits and booked rates","RD calculator","RD calculator | recurring deposit calculator | RD maturity calculator | monthly deposit calculator | Enter monthly deposit and tenure | Review maturity estimate | Match the deposit terms","1","Reserve Bank of India: https://www.rbi.org.in/","2026-06-30","MyeCA Editorial Team - Tax and compliance editorial team","","","","Human review required: verify claims, source fit, examples, links, CTA, authorship, and visible body; then record approval in the CMS or source context."
"P2","/calculators/regime-comparator","calculator","needs_revision","no","transactional","Taxpayers with deductions and exemptions comparing old and new tax regimes","old vs new tax regime comparator","Regime comparator | For taxpayers with deductions | Make a regime decision using a side-by-side estimate | Prepare eligible deductions, exemptions, salary details, and rebate checks | Regime comparator inputs and output | Deductions limits and verification | Rebate next workflow","1","Income Tax Department: https://www.incometax.gov.in/","2026-06-30","MyeCA Editorial Team - Tax and compliance editorial team","","","","Human review required: verify claims, source fit, examples, links, CTA, authorship, and visible body; then record approval in the CMS or source context."
"P2","/calculators/salary","calculator","needs_revision","no","transactional","Employees and job candidates estimating take-home pay from a CTC and deduction structure","salary calculator","salary calculator | Enter pay components and deductions | Review take-home estimate | Reconcile with payroll records","1","Income Tax Department: https://www.incometax.gov.in/","2026-06-30","MyeCA Editorial Team - Tax and compliance editorial team","","","","Human review required: verify claims, source fit, examples, links, CTA, authorship, and visible body; then record approval in the CMS or source context."
"P2","/calculators/sip","calculator","needs_revision","no","transactional","Long-term investors projecting monthly investment growth under stated return assumptions","sip calculator","SIP calculator | For long-term investors | Project monthly investment growth with compounding assumptions | Prepare investment horizon, expected return, contribution amount, and tax treatment | SIP calculator inputs and output | Mutual fund limits and verification | Investment next workflow","1","Securities and Exchange Board of India: https://www.sebi.gov.in/","2026-06-30","MyeCA Editorial Team - Tax and compliance editorial team","","","","Human review required: verify claims, source fit, examples, links, CTA, authorship, and visible body; then record approval in the CMS or source context."
"P2","/calculators/sip-enhanced","calculator","needs_revision","no","transactional","Investors modelling SIP step-ups, year-wise growth, and different market-return scenarios","enhanced SIP calculator","enhanced SIP calculator | SIP growth calculator | year wise SIP calculator | mutual fund SIP projection | Set contribution and step-up | Review projected corpus | Test market-risk scenarios","1","Securities and Exchange Board of India: https://www.sebi.gov.in/","2026-06-30","MyeCA Editorial Team - Tax and compliance editorial team","","","","Human review required: verify claims, source fit, examples, links, CTA, authorship, and visible body; then record approval in the CMS or source context."
"P2","/calculators/swp","calculator","needs_revision","no","transactional","Retirees and investors testing whether a withdrawal plan may deplete an investment corpus","SWP calculator","SWP calculator | systematic withdrawal plan calculator | retirement withdrawal calculator | monthly withdrawal calculator | Set corpus and withdrawal plan | Review depletion risk | Revisit the withdrawal rate","1","Securities and Exchange Board of India: https://www.sebi.gov.in/","2026-06-30","MyeCA Editorial Team - Tax and compliance editorial team","","","","Human review required: verify claims, source fit, examples, links, CTA, authorship, and visible body; then record approval in the CMS or source context."
"P2","/calculators/tax-regime","calculator","needs_revision","no","transactional","Salaried taxpayers comparing regime outcomes from income, exemptions, and deduction evidence","tax regime comparison","Tax regime calculator | For salaried taxpayers | Compare old regime and new regime outcomes for AY 2026-27 | Prepare deduction proofs, Form 16 values, HRA, NPS, and home-loan certificates | Tax regime calculator inputs and output | New regime limits and verification | AY 2026-27 next workflow","1","Income Tax Department: https://www.incometax.gov.in/","2026-06-30","MyeCA Editorial Team - Tax and compliance editorial team","","","","Human review required: verify claims, source fit, examples, links, CTA, authorship, and visible body; then record approval in the CMS or source context."
"P2","/calculators/tds","calculator","needs_revision","no","transactional","Deductors and payees estimating TDS on a defined payment type and threshold","tds calculator","TDS calculator | For deductors and taxpayers | Estimate tax deduction on selected payment types | Prepare payment nature, threshold, PAN, rate, and Form 26AS credit | TDS calculator inputs and output | Form 26AS limits and verification | Deduction next workflow","1","Income Tax Department: https://www.incometax.gov.in/","2026-06-30","MyeCA Editorial Team - Tax and compliance editorial team","","","","Human review required: verify claims, source fit, examples, links, CTA, authorship, and visible body; then record approval in the CMS or source context."
"P2","/calculators/vda-tax","calculator","needs_revision","no","transactional","Crypto and VDA investors organizing transaction, TDS, and filing records","VDA tax guide","Transaction checklist | Exchange statement readiness | TDS review prompt | ITR filing handoff | VDA & Crypto Tax Guide: output and intended use | VDA & Crypto Tax Guide: inputs to verify | VDA & Crypto Tax Guide: limitations before acting","1","Income Tax Department: https://www.incometax.gov.in/","2026-06-30","MyeCA Editorial Team - Tax and compliance editorial team","","","","Human review required: verify claims, source fit, examples, links, CTA, authorship, and visible body; then record approval in the CMS or source context."
"P2","/capital-gains-import","calculator","needs_revision","no","transactional","Active investors converting broker tax P&L files into a review-ready capital-gains summary","capital gains import","Capital gains import tool | For active investors | Turn broker tax P&L files into review-ready summaries | Prepare broker reports, tradebooks, AIS, and corporate action checks | Capital gains import tool inputs and output | Capital gains limits and verification | AIS next workflow","2","Income Tax Department: https://www.incometax.gov.in/ | Securities and Exchange Board of India: https://www.sebi.gov.in/","2026-06-30","MyeCA Editorial Team - Tax and compliance editorial team","","","","Human review required: verify claims, source fit, examples, links, CTA, authorship, and visible body; then record approval in the CMS or source context."
"P2","/compliance-calendar","page","needs_revision","no","informational","GST-registered businesses, employers, deductors, and taxpayers tracking statutory due dates","compliance calendar 2025","compliance calendar 2025 | tax due dates | gst return deadlines | income tax dates | Build the calendar from registrations | Assign records and owners | Confirm changing due dates","2","Income Tax Department: https://www.incometax.gov.in/ | GST Portal: https://www.gst.gov.in/","2026-06-30","MyeCA Editorial Team - Tax and compliance editorial team","","","","Human review required: verify claims, source fit, examples, links, CTA, authorship, and visible body; then record approval in the CMS or source context."
"P2","/contact","help","needs_revision","no","informational","Customers with a filing, account, payment, document, or service-support question","contact tax expert","contact tax expert | myeca support | tax helpline India | CA consultation online | Choose the right support channel | Send a clear case summary | Keep the support record","2","MyeCA help center: https://myeca.in/help | MyeCA privacy policy: https://myeca.in/legal/privacy-policy","2026-06-30","MyeCA Editorial Team - Tax and compliance editorial team","","","","Human review required: verify claims, source fit, examples, links, CTA, authorship, and visible body; then record approval in the CMS or source context."
"P2","/documents/generator","page","needs_revision","no","informational","Indian individuals, MSMEs, finance teams, employers, and founders choosing a self-service document draft","document generator India","document generator India | financial document generator | GST document format | legal document templates India | Choose the document by purpose | Prepare and review the draft | Complete required external steps","3","MyeCA document-generator scope: https://myeca.in/documents/generator | CBIC GST Invoice Rules: https://cbic-gst.gov.in/gst-invoice-rules.html | ICAI UDIN Portal: https://udin.icai.org/","2026-06-30","MyeCA Editorial Team - Tax and compliance editorial team","","","","Human review required: verify claims, source fit, examples, links, CTA, authorship, and visible body; then record approval in the CMS or source context."
"P2","/documents/generator/delivery-challan","calculator","needs_revision","no","transactional","GST-registered consignors moving goods without a tax invoice under an applicable reason","GST Delivery Challan generator","GST Delivery Challan generator | GST Delivery Challan format India | GST Delivery Challan online | Indian document generator | State why goods move without invoice | Verify Rule 55 particulars | Keep transport compliance separate","3","MyeCA document-generator scope: https://myeca.in/documents/generator | CBIC GST Invoice Rules: https://cbic-gst.gov.in/gst-invoice-rules.html | GST E-Invoice Portal: https://einvoice1.gst.gov.in/","2026-06-30","MyeCA Editorial Team - Tax and compliance editorial team","","","","Human review required: verify claims, source fit, examples, links, CTA, authorship, and visible body; then record approval in the CMS or source context."
"P2","/documents/generator/expense-reimbursement","calculator","needs_revision","no","transactional","Employees, vendors, managers, and accounts teams documenting a business-expense claim","Expense Reimbursement Voucher generator","Expense Reimbursement Voucher generator | Expense Reimbursement Voucher format India | Expense Reimbursement Voucher online | Indian document generator | Document the business expense | Calculate the eligible reimbursement | Complete internal approvals","2","MyeCA document-generator scope: https://myeca.in/documents/generator | Income Tax Department: https://www.incometax.gov.in/","2026-06-30","MyeCA Editorial Team - Tax and compliance editorial team","","","","Human review required: verify claims, source fit, examples, links, CTA, authorship, and visible body; then record approval in the CMS or source context."
"P2","/documents/generator/gst-credit-debit-note","calculator","needs_revision","no","transactional","GST suppliers adjusting a previously issued invoice after a commercial or tax change","GST Credit Note / Debit Note generator","GST Credit Note / Debit Note generator | GST Credit Note / Debit Note format India | GST Credit Note / Debit Note online | Indian document generator | Identify the original invoice | Measure the adjustment | Complete GST reporting separately","3","MyeCA document-generator scope: https://myeca.in/documents/generator | CBIC GST Invoice Rules: https://cbic-gst.gov.in/gst-invoice-rules.html | GST E-Invoice Portal: https://einvoice1.gst.gov.in/","2026-06-30","MyeCA Editorial Team - Tax and compliance editorial team","","","","Human review required: verify claims, source fit, examples, links, CTA, authorship, and visible body; then record approval in the CMS or source context."
"P2","/documents/generator/gst-quotation","calculator","needs_revision","no","transactional","Indian sellers and service providers preparing a priced commercial offer before supply","quotation generator","quotation generator | GST quotation format | estimate generator India | Set the commercial offer | Check estimated GST and validity | Move an accepted quote forward","3","MyeCA document-generator scope: https://myeca.in/documents/generator | CBIC GST Invoice Rules: https://cbic-gst.gov.in/gst-invoice-rules.html | GST E-Invoice Portal: https://einvoice1.gst.gov.in/","2026-06-30","MyeCA Editorial Team - Tax and compliance editorial team","","","","Human review required: verify claims, source fit, examples, links, CTA, authorship, and visible body; then record approval in the CMS or source context."
"P2","/documents/generator/invoice","calculator","needs_revision","no","transactional","GST-registered Indian suppliers preparing a tax-invoice draft from actual supply details","GST Compliant Tax Invoice generator","GST Compliant Tax Invoice generator | GST Compliant Tax Invoice format India | GST Compliant Tax Invoice online | Indian document generator | Capture the taxable supply | Verify GST breakup and invoice label | Handle IRN and return steps outside the draft","3","MyeCA document-generator scope: https://myeca.in/documents/generator | CBIC GST Invoice Rules: https://cbic-gst.gov.in/gst-invoice-rules.html | GST E-Invoice Portal: https://einvoice1.gst.gov.in/","2026-06-30","MyeCA Editorial Team - Tax and compliance editorial team","","","","Human review required: verify claims, source fit, examples, links, CTA, authorship, and visible body; then record approval in the CMS or source context."
"P2","/documents/generator/loan-agreement","calculator","needs_revision","no","transactional","Individuals and businesses documenting a private lending arrangement before execution","Personal and Business Loan Agreement generator","Personal and Business Loan Agreement generator | Personal and Business Loan Agreement format India | Personal and Business Loan Agreement online | Indian document generator | Define the lending arrangement | Inspect repayment and default terms | Check state execution requirements","3","MyeCA document-generator scope: https://myeca.in/documents/generator | India Code: https://www.indiacode.nic.in/ | Reserve Bank of India: https://www.rbi.org.in/","2026-06-30","MyeCA Editorial Team - Tax and compliance editorial team","","","","Human review required: verify claims, source fit, examples, links, CTA, authorship, and visible body; then record approval in the CMS or source context."
"P2","/documents/generator/msme-cash-flow","calculator","needs_revision","no","transactional","Indian MSME owners preparing current and projected cash flows for planning or lender discussion","MSME Cash Flow Statement generator","MSME Cash Flow Statement generator | MSME Cash Flow Statement format India | MSME Cash Flow Statement online | Indian document generator | Build a direct-method cash view | Test projections and debt service | Carry reviewed closing cash forward","3","MyeCA document-generator scope: https://myeca.in/documents/generator | Reserve Bank of India: https://www.rbi.org.in/ | ICAI UDIN Portal: https://udin.icai.org/","2026-06-30","MyeCA Editorial Team - Tax and compliance editorial team","","","","Human review required: verify claims, source fit, examples, links, CTA, authorship, and visible body; then record approval in the CMS or source context."
"P2","/documents/generator/net-worth-statement","calculator","needs_revision","no","transactional","Indian individuals, proprietors, directors, partners, or guarantors declaring assets and liabilities","Net Worth Statement Builder generator","Net Worth Statement Builder generator | Net Worth Statement Builder format India | Net Worth Statement Builder online | Indian document generator | Record assets and obligations | Distinguish liquid net worth | Request certification only when needed","2","MyeCA document-generator scope: https://myeca.in/documents/generator | ICAI UDIN Portal: https://udin.icai.org/","2026-06-30","MyeCA Editorial Team - Tax and compliance editorial team","","","","Human review required: verify claims, source fit, examples, links, CTA, authorship, and visible body; then record approval in the CMS or source context."
"P2","/documents/generator/payment-receipt","calculator","needs_revision","no","transactional","Indian businesses acknowledging a general payment or GST advance from a payer","Payment Receipt / GST Receipt Voucher generator","Payment Receipt / GST Receipt Voucher generator | Payment Receipt / GST Receipt Voucher format India | Payment Receipt / GST Receipt Voucher online | Indian document generator | Choose receipt or GST voucher mode | Trace the payment received | Report advances separately where required","3","MyeCA document-generator scope: https://myeca.in/documents/generator | CBIC GST Invoice Rules: https://cbic-gst.gov.in/gst-invoice-rules.html | GST E-Invoice Portal: https://einvoice1.gst.gov.in/","2026-06-30","MyeCA Editorial Team - Tax and compliance editorial team","","","","Human review required: verify claims, source fit, examples, links, CTA, authorship, and visible body; then record approval in the CMS or source context."
"P2","/documents/generator/proforma-invoice","calculator","needs_revision","no","transactional","Indian suppliers requesting approval or advance payment before issuing a tax invoice","Proforma Invoice generator","Proforma Invoice generator | Proforma Invoice format India | Proforma Invoice online | Indian document generator | Describe the expected supply | Separate proforma from tax invoice | Convert only after approval","3","MyeCA document-generator scope: https://myeca.in/documents/generator | CBIC GST Invoice Rules: https://cbic-gst.gov.in/gst-invoice-rules.html | GST E-Invoice Portal: https://einvoice1.gst.gov.in/","2026-06-30","MyeCA Editorial Team - Tax and compliance editorial team","","","","Human review required: verify claims, source fit, examples, links, CTA, authorship, and visible body; then record approval in the CMS or source context."
"P2","/documents/generator/projected-balance-sheet","calculator","needs_revision","no","transactional","Indian MSMEs projecting assets, liabilities, equity, and banking ratios across three years","Projected Balance Sheet generator","Projected Balance Sheet generator | Projected Balance Sheet format India | Projected Balance Sheet online | Indian document generator | Project assets and funding | Read ratios without a plug figure | Resolve every balance difference","3","MyeCA document-generator scope: https://myeca.in/documents/generator | Reserve Bank of India: https://www.rbi.org.in/ | ICAI UDIN Portal: https://udin.icai.org/","2026-06-30","MyeCA Editorial Team - Tax and compliance editorial team","","","","Human review required: verify claims, source fit, examples, links, CTA, authorship, and visible body; then record approval in the CMS or source context."
"P2","/documents/generator/purchase-order","calculator","needs_revision","no","transactional","Indian buyers placing a documented order with a supplier or vendor","Purchase Order generator","Purchase Order generator | Purchase Order format India | Purchase Order online | Indian document generator | Issue the buyer's order | Reconcile delivery and tax terms | Create the movement record","3","MyeCA document-generator scope: https://myeca.in/documents/generator | CBIC GST Invoice Rules: https://cbic-gst.gov.in/gst-invoice-rules.html | GST E-Invoice Portal: https://einvoice1.gst.gov.in/","2026-06-30","MyeCA Editorial Team - Tax and compliance editorial team","","","","Human review required: verify claims, source fit, examples, links, CTA, authorship, and visible body; then record approval in the CMS or source context."
"P2","/elss-comparator","calculator","needs_revision","no","transactional","Taxpayers comparing ELSS funds after checking 80C capacity, lock-in, cost, and investment risk","elss comparator","elss comparator | tax saving funds | compare elss mutual funds | 80C investments | Compare funds on one basis | Understand risk and lock-in | Check current scheme documents","1","Securities and Exchange Board of India: https://www.sebi.gov.in/","2026-06-30","MyeCA Editorial Team - Tax and compliance editorial team","","","","Human review required: verify claims, source fit, examples, links, CTA, authorship, and visible body; then record approval in the CMS or source context."
"P2","/expert-consultation","page","needs_revision","no","informational","Taxpayers and business owners with a fact-specific tax, GST, notice, startup, or compliance question","Expert Consultation","Define the question for review | Prepare the supporting records | Confirm the consultation scope","3","MyeCA tax consultation scope: https://myeca.in/services/tax-consultation | MyeCA pricing and service scope: https://myeca.in/pricing | MyeCA information-use disclaimer: https://myeca.in/legal/disclaimer","2026-06-30","MyeCA Editorial Team - Tax and compliance editorial team","","","","Human review required: verify claims, source fit, examples, links, CTA, authorship, and visible body; then record approval in the CMS or source context."
"P2","/experts","page","needs_revision","no","informational","Taxpayers and businesses deciding whether their records or filing position need professional review","online CA consultation","online CA consultation | hire tax expert | CA network India | professional tax advice | Choose expertise for the case | Check scope and credentials | Prepare for the first review","2","MyeCA tax consultation scope: https://myeca.in/services/tax-consultation | MyeCA trust and data-handling overview: https://myeca.in/trust","2026-06-30","MyeCA Editorial Team - Tax and compliance editorial team","","","","Human review required: verify claims, source fit, examples, links, CTA, authorship, and visible body; then record approval in the CMS or source context."
"P2","/features/document-scanner","page","needs_revision","no","informational","Taxpayers organizing Form 16, AIS, statements, notices, and other filing records for review","Features Document Scanner","Capture a readable source document | Check extracted fields | Keep the original record","2","MyeCA privacy policy: https://myeca.in/legal/privacy-policy | MyeCA trust and data-handling overview: https://myeca.in/trust","2026-06-30","MyeCA Editorial Team - Tax and compliance editorial team","","","","Human review required: verify claims, source fit, examples, links, CTA, authorship, and visible body; then record approval in the CMS or source context."
"P2","/features/expert-tax-review","page","needs_revision","no","informational","Taxpayers with complex income, record mismatches, notices, or uncertain filing treatment","Features Expert Tax Review","Select the return or issue to review | Provide complete supporting records | Resolve review findings","1","Income Tax Department: https://www.incometax.gov.in/","2026-06-30","MyeCA Editorial Team - Tax and compliance editorial team","","","","Human review required: verify claims, source fit, examples, links, CTA, authorship, and visible body; then record approval in the CMS or source context."
"P2","/features/fastest-itr-filing","page","needs_revision","no","informational","Taxpayers with filing-ready records who want to resolve blockers before submitting an ITR","Features Fastest Itr Filing","Check whether the case is ready | Reconcile before submission | Use the correct filing path","1","Income Tax Department: https://www.incometax.gov.in/","2026-06-30","MyeCA Editorial Team - Tax and compliance editorial team","","","","Human review required: verify claims, source fit, examples, links, CTA, authorship, and visible body; then record approval in the CMS or source context."
"P2","/features/tax-calculator","page","needs_revision","no","informational","Taxpayers comparing regimes, deductions, credits, and estimated liability before filing","Features Tax Calculator","Enter income and regime details | Review the estimate | Use verified figures for filing","1","Income Tax Department: https://www.incometax.gov.in/","2026-06-30","MyeCA Editorial Team - Tax and compliance editorial team","","","","Human review required: verify claims, source fit, examples, links, CTA, authorship, and visible body; then record approval in the CMS or source context."
"P2","/form16-parser","calculator","needs_revision","no","transactional","Salaried taxpayers extracting and checking Form 16 values before ITR preparation","form 16 parser","Form 16 extraction workflow | Salary, TDS, deductions, and employer details | Pre-fill support before ITR review | Form 16 to filing inputs | Use extracted data carefully","1","Income Tax Department: https://www.incometax.gov.in/","2026-06-30","MyeCA Editorial Team - Tax and compliance editorial team","","","","Human review required: verify claims, source fit, examples, links, CTA, authorship, and visible body; then record approval in the CMS or source context."
"P2","/gst-filing","service","needs_revision","no","transactional","GST-registered businesses preparing returns and reconciling sales, purchases, tax payments, and input credits","GST filing services","Period-specific GSTR-1 and GSTR-3B working | Sales, credit notes, GSTR-2B, ledgers, and payment reconciled | Approval and unresolved differences recorded before submission | Define the GSTIN, return period, and included filings | Close the period from books to portal ledgers | Assign delay risk and escalation before the cut-off","1","GST Portal: https://www.gst.gov.in/","2026-06-30","MyeCA Editorial Team - Tax and compliance editorial team","","","","Human review required: verify claims, source fit, examples, links, CTA, authorship, and visible body; then record approval in the CMS or source context."
"P2","/help","help","needs_revision","no","informational","Customers resolving account, filing, document-upload, calculator, payment, or service questions","MyeCA help","MyeCA help | tax filing support | ITR help center | MyeCA support | Identify the support topic | Gather the case details | Escalate unresolved issues","2","MyeCA terms of service: https://myeca.in/legal/terms-of-service | MyeCA privacy policy: https://myeca.in/legal/privacy-policy","2026-06-30","MyeCA Editorial Team - Tax and compliance editorial team","","","","Human review required: verify claims, source fit, examples, links, CTA, authorship, and visible body; then record approval in the CMS or source context."
"P2","/help/faq","help","needs_revision","no","informational","Customers checking common filing, payment, document, privacy, and service-scope questions","MyeCA FAQ","MyeCA FAQ | ITR filing questions | tax filing FAQ India | Find the question that matches | Check the answer's limits | Contact support with specifics","2","MyeCA help center: https://myeca.in/help | MyeCA terms of service: https://myeca.in/legal/terms-of-service","2026-06-30","MyeCA Editorial Team - Tax and compliance editorial team","","","","Human review required: verify claims, source fit, examples, links, CTA, authorship, and visible body; then record approval in the CMS or source context."
"P2","/help/knowledge-base","help","needs_revision","no","informational","Customers troubleshooting a specific account, filing, document, calculator, or compliance step","Help Knowledge Base","Search by task or error | Follow the complete workflow | Record the unresolved step","2","MyeCA help center: https://myeca.in/help | MyeCA terms of service: https://myeca.in/legal/terms-of-service","2026-06-30","MyeCA Editorial Team - Tax and compliance editorial team","","","","Human review required: verify claims, source fit, examples, links, CTA, authorship, and visible body; then record approval in the CMS or source context."
"P2","/help/user-guide","help","needs_revision","no","informational","New and returning customers learning how to complete MyeCA filing and service workflows","MyeCA user guide","MyeCA user guide | tax filing workflow guide | document upload guide | Start with the intended task | Complete prerequisites first | Keep confirmations and records","2","MyeCA help center: https://myeca.in/help | MyeCA privacy policy: https://myeca.in/legal/privacy-policy","2026-06-30","MyeCA Editorial Team - Tax and compliance editorial team","","","","Human review required: verify claims, source fit, examples, links, CTA, authorship, and visible body; then record approval in the CMS or source context."
"P2","/itr-filing","service","needs_revision","no","transactional","Individuals preparing an income-tax return from salary, investments, property, business, or foreign-income records","ITR filing services","AY 2026-27 assisted ITR filing | CA-assisted review for Form 16, AIS, Form 26AS, refunds, and notices | Routes taxpayers from evidence gathering to the correct filing path | Who this is for | Documents needed | Common mistakes | Related calculator | Related guide","1","Income Tax Department: https://www.incometax.gov.in/","2026-06-30","MyeCA Editorial Team - Tax and compliance editorial team","","","","Human review required: verify claims, source fit, examples, links, CTA, authorship, and visible body; then record approval in the CMS or source context."
"P2","/itr-season-2026","hub","needs_revision","no","informational","Individuals preparing an AY 2026-27 return from salary, investments, business income, or other records","AY 2026-27 ITR season","AY 2026-27 filing checklist | Form 16, AIS, and refund readiness | Tools and guides for priority ITR queries | ITR season readiness | Priority taxpayer journeys","1","Income Tax Department: https://www.incometax.gov.in/","2026-06-30","MyeCA Editorial Team - Tax and compliance editorial team","","","","Human review required: verify claims, source fit, examples, links, CTA, authorship, and visible body; then record approval in the CMS or source context."
"P2","/itr-season-2026/ais-form-26as-mismatch-checklist","hub","needs_revision","no","informational","Taxpayers whose AIS, Form 26AS, Form 16, or own records show different income or tax-credit figures","AIS mismatch checklist","AIS mismatch checklist | Form 26AS mismatch | TDS mismatch ITR | AY 2026-27 AIS | ITR refund mismatch | Compare AIS, Form 26AS, and certificates | Classify each mismatch | Resolve before claiming credit","1","Income Tax Department: https://www.incometax.gov.in/","2026-06-30","MyeCA Editorial Team - Tax and compliance editorial team","","","","Human review required: verify claims, source fit, examples, links, CTA, authorship, and visible body; then record approval in the CMS or source context."
"P2","/itr-season-2026/capital-gains-broker-statement-checklist","hub","needs_revision","no","informational","Investors and traders reconciling broker statements, AIS entries, and capital-gains schedules","capital gains broker statement","capital gains broker statement | ITR-2 capital gains checklist | broker tax P&L | F&O ITR checklist | capital gains import | Collect complete transaction statements | Reconcile gains and holdings | Prepare the correct schedules","2","Income Tax Department: https://www.incometax.gov.in/ | Securities and Exchange Board of India: https://www.sebi.gov.in/","2026-06-30","MyeCA Editorial Team - Tax and compliance editorial team","","","","Human review required: verify claims, source fit, examples, links, CTA, authorship, and visible body; then record approval in the CMS or source context."
"P2","/itr-season-2026/form-16-parser-guide","hub","needs_revision","no","informational","Salaried taxpayers checking Form 16 values before using them in an income-tax return","Form 16 parser guide","Form 16 parser guide | upload Form 16 ITR | salary TDS extraction | AY 2026-27 Form 16 | ITR prefill workflow | Upload the correct Form 16 | Verify every extracted figure | Reconcile before filing","1","Income Tax Department: https://www.incometax.gov.in/","2026-06-30","MyeCA Editorial Team - Tax and compliance editorial team","","","","Human review required: verify claims, source fit, examples, links, CTA, authorship, and visible body; then record approval in the CMS or source context."
"P2","/itr-season-2026/itr-deadline-refund-status-tracker","hub","needs_revision","no","informational","Taxpayers tracking AY 2026-27 filing dates, return processing, refunds, or post-filing action","ITR deadline tracker","ITR deadline tracker | ITR refund status AY 2026-27 | ITR e-verification | income tax refund tracker | revised return checklist | Record filing and verification dates | Read the current status | Escalate with evidence","1","Income Tax Department: https://www.incometax.gov.in/","2026-06-30","MyeCA Editorial Team - Tax and compliance editorial team","","","","Human review required: verify claims, source fit, examples, links, CTA, authorship, and visible body; then record approval in the CMS or source context."
"P2","/itr/form-recommender","page","needs_revision","no","informational","Taxpayers choosing an ITR form after identifying every income source and disclosure requirement","ITR form recommender","ITR form recommender | income tax filing path | which ITR should I file | AY 2026-27 tax return | guided ITR filing | Describe every income source | Check form eligibility | Review before filing","1","Income Tax Department: https://www.incometax.gov.in/","2026-06-30","MyeCA Editorial Team - Tax and compliance editorial team","","","","Human review required: verify claims, source fit, examples, links, CTA, authorship, and visible body; then record approval in the CMS or source context."
"P2","/itr/form-selector","page","needs_revision","no","informational","Individual taxpayers deciding between ITR-1, ITR-2, ITR-3, and ITR-4","which ITR return to file","ITR-1, ITR-2, ITR-3, and ITR-4 guidance | Salary, capital gains, business, and foreign asset checks | Pre-filing route before assisted review | Match the ITR form to the taxpayer facts | Connect form choice to evidence","1","Income Tax Department: https://www.incometax.gov.in/","2026-06-30","MyeCA Editorial Team - Tax and compliance editorial team","","","","Human review required: verify claims, source fit, examples, links, CTA, authorship, and visible body; then record approval in the CMS or source context."
"P2","/learn","hub","needs_revision","no","informational","Indian taxpayers, founders, and finance teams learning a tax or compliance workflow before acting","tax learning India","tax learning India | ITR guides | GST guides | tax education | Choose a topic by task | Check the applicable period | Move from guidance to records","2","Income Tax Department: https://www.incometax.gov.in/ | GST Portal: https://www.gst.gov.in/","2026-06-30","MyeCA Editorial Team - Tax and compliance editorial team","","","","Human review required: verify claims, source fit, examples, links, CTA, authorship, and visible body; then record approval in the CMS or source context."
"P2","/learn/glossary","hub","needs_revision","no","informational","Taxpayers decoding income-tax, return, deduction, notice, and filing terminology","income tax glossary","income tax glossary | ITR terms | GST glossary | TDS terms | tax filing definitions | Find the tax or compliance term | Read it in context | Check the controlling source","2","Income Tax Department: https://www.incometax.gov.in/ | GST Portal: https://www.gst.gov.in/","2026-06-30","MyeCA Editorial Team - Tax and compliance editorial team","","","","Human review required: verify claims, source fit, examples, links, CTA, authorship, and visible body; then record approval in the CMS or source context."
"P2","/learn/guide/ais-explained-ay-2026-27","hub","needs_revision","no","informational","Taxpayers using AIS Explained for AY 2026-27 ITR Filing to prepare a filing decision","AIS","Understand What AIS Shows | Download and Compare | Use Feedback Carefully | File With a Reconciliation Trail | AIS | TIS | Form 26AS | ITR mismatch","1","Income Tax Department: https://www.incometax.gov.in/","2026-06-30","MyeCA Editorial Team - Tax and compliance editorial team","","","","Human review required: verify claims, source fit, examples, links, CTA, authorship, and visible body; then record approval in the CMS or source context."
"P2","/learn/guide/complete-itr-guide-salaried","hub","needs_revision","no","informational","Taxpayers using Complete ITR Filing Guide for Salaried Employees to prepare a filing decision","ITR-1","Gather Required Documents | Verify Form 16 Details | Choose Tax Regime | Fill ITR Form Online | ITR-1 | Form 16 | salary | tax filing","1","Income Tax Department: https://www.incometax.gov.in/","2026-06-30","MyeCA Editorial Team - Tax and compliance editorial team","","","","Human review required: verify claims, source fit, examples, links, CTA, authorship, and visible body; then record approval in the CMS or source context."
"P2","/learn/guide/freelancer-tax-filing","hub","needs_revision","no","informational","Taxpayers using Tax Filing Guide for Freelancers to prepare a filing decision","freelancer","Track Your Income | Document Business Expenses | Choose Taxation Scheme | Pay Advance Tax | freelancer | consultant | ITR-4 | presumptive","1","Income Tax Department: https://www.incometax.gov.in/","2026-06-30","MyeCA Editorial Team - Tax and compliance editorial team","","","","Human review required: verify claims, source fit, examples, links, CTA, authorship, and visible body; then record approval in the CMS or source context."
"P2","/learn/guide/gst-notice-handling-guide","hub","needs_revision","no","informational","Taxpayers using GST Notice Handling Guide to prepare a filing decision","GST notice","Identify the Notice and Timeline | Reconcile GST Records | Decide Reply, Payment, or Adjustment | Track the Case After Reply | GST notice | DRC-01 | DRC-03 | GST compliance","1","GST Portal: https://www.gst.gov.in/","2026-06-30","MyeCA Editorial Team - Tax and compliance editorial team","","","","Human review required: verify claims, source fit, examples, links, CTA, authorship, and visible body; then record approval in the CMS or source context."
"P2","/learn/guide/hra-exemption-claim","hub","needs_revision","no","informational","Taxpayers using How to Claim HRA Exemption to prepare a filing decision","HRA","Check Eligibility | Calculate HRA Exemption | Prepare Documents | Submit to Employer | HRA | exemption | rent | deduction","1","Income Tax Department: https://www.incometax.gov.in/","2026-06-30","MyeCA Editorial Team - Tax and compliance editorial team","","","","Human review required: verify claims, source fit, examples, links, CTA, authorship, and visible body; then record approval in the CMS or source context."
"P2","/learn/guide/important-tax-deadlines","hub","needs_revision","no","informational","Taxpayers using Important Tax Deadlines & Compliance Calendar to prepare a filing decision","deadlines","ITR Filing Deadlines | Advance Tax Due Dates | TDS Compliance Dates | GST Compliance Dates | deadlines | due dates | compliance | calendar","1","Income Tax Department: https://www.incometax.gov.in/","2026-06-30","MyeCA Editorial Team - Tax and compliance editorial team","","","","Human review required: verify claims, source fit, examples, links, CTA, authorship, and visible body; then record approval in the CMS or source context."
"P2","/learn/guide/itr-1-filing-guide-ay-2026-27","hub","needs_revision","no","informational","Taxpayers using ITR-1 Filing Guide for AY 2026-27 to prepare a filing decision","ITR-1","Confirm ITR-1 Eligibility | Collect Salary and Tax Records | Compare Old and New Tax Regimes | Review, Submit, and E-Verify | ITR-1 | Sahaj | AY 2026-27 | salary return","1","Income Tax Department: https://www.incometax.gov.in/","2026-06-30","MyeCA Editorial Team - Tax and compliance editorial team","","","","Human review required: verify claims, source fit, examples, links, CTA, authorship, and visible body; then record approval in the CMS or source context."
"P2","/learn/guide/maximize-tax-deductions","hub","needs_revision","no","informational","Taxpayers using Tax Deductions: Eligibility and Records Guide to prepare a filing decision","80C","Section 80C Deductions (₹1.5 Lakh; 2025 Act: Section 123) | Section 80CCD - NPS Benefits (Extra ₹50K; employer contribution maps to 2025 Act: Section 124) | Section 80D - Health Insurance (₹25K-₹1L; 2025 Act: Section 126) | Section 24(b) - Home Loan Interest (₹2L) | 80C | 80D | deductions | tax saving","1","Income Tax Department: https://www.incometax.gov.in/","2026-06-30","MyeCA Editorial Team - Tax and compliance editorial team","","","","Human review required: verify claims, source fit, examples, links, CTA, authorship, and visible body; then record approval in the CMS or source context."
"P2","/learn/guide/salary-tax-calculator-guide-ay-2026-27","hub","needs_revision","no","informational","Taxpayers using Salary Tax Calculator Guide for AY 2026-27 to prepare a filing decision","salary tax calculator","Collect Salary Inputs Before Calculating | Estimate Take-Home Salary and Taxable Salary | Compare Old and New Regime Tax | Choose the Filing Path | salary tax calculator | Form 16 | tax regime | AY 2026-27","1","Income Tax Department: https://www.incometax.gov.in/","2026-06-30","MyeCA Editorial Team - Tax and compliance editorial team","","","","Human review required: verify claims, source fit, examples, links, CTA, authorship, and visible body; then record approval in the CMS or source context."
"P2","/learn/guide/section-80c-deductions-ay-2026-27","hub","needs_revision","no","informational","Taxpayers using Section 80C Deduction Guide for AY 2026-27 to prepare a filing decision","80C","Understand the 80C Limit | Map Eligible Instruments | Prepare Proofs for Filing | Compare Final Tax Benefit | 80C | deductions | old regime | tax saving","1","Income Tax Department: https://www.incometax.gov.in/","2026-06-30","MyeCA Editorial Team - Tax and compliance editorial team","","","","Human review required: verify claims, source fit, examples, links, CTA, authorship, and visible body; then record approval in the CMS or source context."
"P2","/learn/guide/stock-capital-gains-tax","hub","needs_revision","no","informational","Taxpayers using Capital Gains Tax on Stocks & Mutual Funds to prepare a filing decision","capital gains","Understand STCG vs LTCG | Know the Tax Rates | Calculate Your Gains | Set-off and Carry Forward | capital gains | stocks | mutual funds | STCG","2","Income Tax Department: https://www.incometax.gov.in/ | Securities and Exchange Board of India: https://www.sebi.gov.in/","2026-06-30","MyeCA Editorial Team - Tax and compliance editorial team","","","","Human review required: verify claims, source fit, examples, links, CTA, authorship, and visible body; then record approval in the CMS or source context."
"P2","/learn/guides","hub","needs_revision","no","informational","Taxpayers choosing a detailed guide for an income, deduction, notice, or filing question","income tax guides","income tax guides | ITR guide India | AIS Form 26AS guide | tax regime guide | Select the guide for the case | Work through source documents | Confirm the final action","2","Income Tax Department: https://www.incometax.gov.in/ | GST Portal: https://www.gst.gov.in/","2026-06-30","MyeCA Editorial Team - Tax and compliance editorial team","","","","Human review required: verify claims, source fit, examples, links, CTA, authorship, and visible body; then record approval in the CMS or source context."
"P2","/learn/videos","hub","needs_revision","no","informational","Taxpayers who prefer short lesson outlines before completing a filing or compliance task","tax lesson outlines","tax lesson outlines | ITR filing lessons | GST tutorial India | Choose a lesson by outcome | Follow with the records open | Verify changing rules","1","MyeCA learning resource scope: https://myeca.in/learn/videos","2026-06-30","MyeCA Editorial Team - Tax and compliance editorial team","","","","Human review required: verify claims, source fit, examples, links, CTA, authorship, and visible body; then record approval in the CMS or source context."
"P2","/mobile-app","page","needs_revision","no","informational","Taxpayers who want to manage filing records, tasks, and service progress from a mobile device","MyeCA mobile app","MyeCA mobile app | tax filing app India | ITR mobile workspace | document upload tax app | Choose the mobile task | Protect account and documents | Keep filing confirmations","2","MyeCA privacy policy: https://myeca.in/legal/privacy-policy | MyeCA user guide: https://myeca.in/help/user-guide","2026-06-30","MyeCA Editorial Team - Tax and compliance editorial team","","","","Human review required: verify claims, source fit, examples, links, CTA, authorship, and visible body; then record approval in the CMS or source context."
"P2","/partners","service","needs_revision","no","transactional","CA firms, independent tax professionals, employers, and HR teams evaluating a seasonal ITR partnership","CA overflow partnership","CA overflow partnership | ITR filing partner | employee ITR filing | Choose the partner path | Confirm capacity and controls | Protect taxpayer records","1","MyeCA service scope: https://myeca.in/partners","2026-06-30","MyeCA Editorial Team - Tax and compliance editorial team","","","","Human review required: verify claims, source fit, examples, links, CTA, authorship, and visible body; then record approval in the CMS or source context."
"P2","/pricing","page","needs_revision","no","informational","Individuals and businesses comparing MyeCA deliverables, exclusions, and fees before purchasing support","ITR filing pricing","ITR filing pricing | CA assisted filing fees | tax filing plans India | GST service pricing | Match price to the case | Check inclusions and exclusions | Confirm the written scope","2","MyeCA refund policy: https://myeca.in/legal/refund-policy | MyeCA terms of service: https://myeca.in/legal/terms-of-service","2026-06-30","MyeCA Editorial Team - Tax and compliance editorial team","","","","Human review required: verify claims, source fit, examples, links, CTA, authorship, and visible body; then record approval in the CMS or source context."
"P2","/services","hub","needs_revision","no","informational","Individuals, founders, and businesses choosing tax, GST, registration, or recurring compliance support","tax services","tax services | business registration India | GST consultant | company registration | legal compliance | Find the service by outcome | Check documents and dependencies | Agree scope and timeline","2","MyeCA pricing and service scope: https://myeca.in/pricing | MyeCA terms of service: https://myeca.in/legal/terms-of-service","2026-06-30","MyeCA Editorial Team - Tax and compliance editorial team","","","","Human review required: verify claims, source fit, examples, links, CTA, authorship, and visible body; then record approval in the CMS or source context."
"P2","/services/advisory","service","needs_revision","no","transactional","Individuals or business owners deciding between tax, finance, loan, or investment options before committing money or filing documents.","Financial & Tax Advisory","Document-based professional review | Written action points | Decision support | Follow-up guidance | Who this advisory service is for | Expert advisory: PAN or business details readiness | Expert advisory: scope, timing, and escalation","1","MyeCA service scope: https://myeca.in/services/advisory","2026-06-30","MyeCA Editorial Team - Tax and compliance editorial team","","","","Human review required: verify claims, source fit, examples, links, CTA, authorship, and visible body; then record approval in the CMS or source context."
"P2","/services/audit","service","needs_revision","no","transactional","Businesses and professionals who may cross a tax-audit threshold or need to prepare books and evidence for an appointed auditor.","Tax Audit Assistance","Books review | Audit checklist | CA coordination | Compliance notes | Who this audit & assurance service is for | Audit support: Books of accounts readiness | Audit support: scope, timing, and escalation","1","MyeCA service scope: https://myeca.in/services/audit","2026-06-30","MyeCA Editorial Team - Tax and compliance editorial team","","","","Human review required: verify claims, source fit, examples, links, CTA, authorship, and visible body; then record approval in the CMS or source context."
"P2","/services/audit-services","service","needs_revision","no","transactional","Companies and owner-managed businesses preparing for statutory, internal, or tax-audit work","audit services India","audit services India | statutory audit | internal audit service | tax audit | CA audit firm | Define audit type and period | Prepare evidence and reconciliations | Resolve findings and deliverables","1","MyeCA service scope: https://myeca.in/services/audit-services","2026-06-30","MyeCA Editorial Team - Tax and compliance editorial team","","","","Human review required: verify claims, source fit, examples, links, CTA, authorship, and visible body; then record approval in the CMS or source context."
"P2","/services/business-advisory","service","needs_revision","no","transactional","Founders and owner-managed businesses choosing a structure, finance workflow, registration path, or recurring compliance plan.","Business Advisory","Business model review | Compliance roadmap | Cash-flow inputs | Registration guidance | Who this business advisory service is for | Growth decisions: Business profile readiness | Growth decisions: scope, timing, and escalation","1","MyeCA service scope: https://myeca.in/services/business-advisory","2026-06-30","MyeCA Editorial Team - Tax and compliance editorial team","","","","Human review required: verify claims, source fit, examples, links, CTA, authorship, and visible body; then record approval in the CMS or source context."
"P2","/services/company-registration","service","needs_revision","no","transactional","Founders choosing and preparing to incorporate a private limited company","company registration","Entity choice, ownership, capital, and objects settled before incorporation | Director and premises evidence prepared for MCA filing | Post-incorporation registrations and compliance scoped separately | Settle the incorporation decisions first | Prepare director, subscriber, and office records | Handle name or filing delay before resubmission","1","Ministry of Corporate Affairs: https://www.mca.gov.in/","2026-06-30","MyeCA Editorial Team - Tax and compliance editorial team","","","","Human review required: verify claims, source fit, examples, links, CTA, authorship, and visible body; then record approval in the CMS or source context."
"P2","/services/compliance-management","service","needs_revision","no","transactional","Companies and LLPs coordinating recurring ROC, MCA, GST, tax, and governance obligations","annual compliance","annual compliance | company compliance India | ROC filing | MCA annual filing | statutory compliance service | Map every active obligation | Set an evidence-backed calendar | Escalate exceptions early","1","MyeCA service scope: https://myeca.in/services/compliance-management","2026-06-30","MyeCA Editorial Team - Tax and compliance editorial team","","","","Human review required: verify claims, source fit, examples, links, CTA, authorship, and visible body; then record approval in the CMS or source context."
"P2","/services/director-identification","service","needs_revision","no","transactional","Proposed or existing company directors who need DIN-related document readiness, KYC support, or correction guidance.","Director Identification Number Support","Director KYC support | Document readiness | Corporate workflow guidance | Status tracking | Who this corporate compliance service is for | DIN guidance: PAN readiness | DIN guidance: scope, timing, and escalation","1","Ministry of Corporate Affairs: https://www.mca.gov.in/","2026-06-30","MyeCA Editorial Team - Tax and compliance editorial team","","","","Human review required: verify claims, source fit, examples, links, CTA, authorship, and visible body; then record approval in the CMS or source context."
"P2","/services/document-storage","service","needs_revision","no","transactional","Taxpayers and businesses that need a structured, retrievable record set for filings, notices, renewals, or professional review.","Reliable Document Storage","Document organization | Filing-ready folders | Compliance reminders | Secure access workflow | Who this document services service is for | Secure records: Tax documents readiness | Secure records: scope, timing, and escalation","1","MyeCA service scope: https://myeca.in/services/document-storage","2026-06-30","MyeCA Editorial Team - Tax and compliance editorial team","","","","Human review required: verify claims, source fit, examples, links, CTA, authorship, and visible body; then record approval in the CMS or source context."
"P2","/services/document-vault","service","needs_revision","no","transactional","Taxpayers and businesses controlling access to filing, notice, and compliance documents","tax document vault","tax document vault | secure document storage | Form 16 storage | ITR document organizer | Organise documents by case and period | Control access and versions | Export records when needed","1","MyeCA service scope: https://myeca.in/services/document-vault","2026-06-30","MyeCA Editorial Team - Tax and compliance editorial team","","","","Human review required: verify claims, source fit, examples, links, CTA, authorship, and visible body; then record approval in the CMS or source context."
"P2","/services/dsc","service","needs_revision","no","transactional","Directors, authorized signatories, professionals, and business users who need a digital signature for a defined portal workflow.","Digital Signature Certificate","DSC requirement check | Identity document review | Filing use-case guidance | Renewal support | Who this digital compliance service is for | DSC support: PAN readiness | DSC support: scope, timing, and escalation","1","Ministry of Corporate Affairs: https://www.mca.gov.in/","2026-06-30","MyeCA Editorial Team - Tax and compliance editorial team","","","","Human review required: verify claims, source fit, examples, links, CTA, authorship, and visible body; then record approval in the CMS or source context."
"P2","/services/esi-registration","service","needs_revision","no","transactional","Employers assessing ESIC applicability or preparing employee and establishment details for registration.","ESI Registration Support","Applicability review | Employee data checklist | Registration workflow | Monthly compliance guidance | Who this payroll services service is for | Payroll compliance: Employer details readiness | Payroll compliance: scope, timing, and escalation","1","Employees' State Insurance Corporation: https://www.esic.gov.in/","2026-06-30","MyeCA Editorial Team - Tax and compliance editorial team","","","","Human review required: verify claims, source fit, examples, links, CTA, authorship, and visible body; then record approval in the CMS or source context."
"P2","/services/foreign-remittance","service","needs_revision","no","transactional","Residents and businesses planning an overseas remittance that may require purpose-code, TCS, Form 15CA/15CB, or bank-document review.","Foreign Remittance Compliance","Remittance purpose review | Taxability check | Document checklist | CA certificate coordination | Who this international tax service is for | Form 15CA/CB guidance: Invoice or agreement readiness | Form 15CA/CB guidance: scope, timing, and escalation","1","Reserve Bank of India: https://www.rbi.org.in/","2026-06-30","MyeCA Editorial Team - Tax and compliance editorial team","","","","Human review required: verify claims, source fit, examples, links, CTA, authorship, and visible body; then record approval in the CMS or source context."
"P2","/services/fssai-registration","service","needs_revision","no","transactional","Food businesses identifying the correct FSSAI licence and preparing premises and activity records","FSSAI registration","FSSAI registration | food license online | FSSAI basic license | FSSAI state license | food business license India | Identify business and licence category | Prepare premises and food records | Track authority queries","1","Food Safety and Standards Authority of India: https://www.fssai.gov.in/","2026-06-30","MyeCA Editorial Team - Tax and compliance editorial team","","","","Human review required: verify claims, source fit, examples, links, CTA, authorship, and visible body; then record approval in the CMS or source context."
"P2","/services/gst-registration","service","needs_revision","no","transactional","Businesses and professionals checking GST applicability and preparing registration records","GST registration","Applicability and registration type checked before application | Promoter, premises, bank, and activity evidence aligned | Clarifications and first-return work treated as separate events | Settle why and where registration is required | Prepare an application that survives document checks | Respond to registration delay and escalation triggers","1","GST Portal: https://www.gst.gov.in/","2026-06-30","MyeCA Editorial Team - Tax and compliance editorial team","","","","Human review required: verify claims, source fit, examples, links, CTA, authorship, and visible body; then record approval in the CMS or source context."
"P2","/services/gst-return","service","needs_revision","no","transactional","GST-registered businesses that need a return prepared from reconciled sales, purchase, tax-payment, and input-credit records.","GST Return Filing","GSTR-1 and 3B support | ITC reconciliation | Invoice checks | Compliance reminders | Who this gst services service is for | GST compliance: Sales invoices readiness | GST compliance: scope, timing, and escalation","1","GST Portal: https://www.gst.gov.in/","2026-06-30","MyeCA Editorial Team - Tax and compliance editorial team","","","","Human review required: verify claims, source fit, examples, links, CTA, authorship, and visible body; then record approval in the CMS or source context."
"P2","/services/gst-returns","service","needs_revision","no","transactional","Monthly and quarterly GST filers reconciling GSTR-1, GSTR-3B, GSTR-2B, and payment records","GST returns filing","GSTR-1 and GSTR-3B preparation from period-specific records | GSTR-2B and input-tax-credit differences identified before filing | Amendments, notices, and historical clean-up scoped separately | Confirm the return period and filing responsibility | Close the sales, credit-note, and input-credit working | Escalate period differences and delay risk before submission","1","GST Portal: https://www.gst.gov.in/","2026-06-30","MyeCA Editorial Team - Tax and compliance editorial team","","","","Human review required: verify claims, source fit, examples, links, CTA, authorship, and visible body; then record approval in the CMS or source context."
"P2","/services/home-loan","service","needs_revision","no","transactional","Borrowers comparing a home-loan decision or checking the tax and cash-flow effect of an existing loan.","Home Loan Advisory","EMI review | Tax benefit guidance | Document checklist | Prepayment planning | Who this loan advisory service is for | Loan planning: Income proof readiness | Loan planning: scope, timing, and escalation","1","Reserve Bank of India: https://www.rbi.org.in/","2026-06-30","MyeCA Editorial Team - Tax and compliance editorial team","","","","Human review required: verify claims, source fit, examples, links, CTA, authorship, and visible body; then record approval in the CMS or source context."
"P2","/services/investment-advisory","service","needs_revision","no","transactional","Individuals and families organizing goals, risk constraints, tax considerations, and existing investments before making a decision.","Investment Advisory","Goal mapping | Risk profile review | Tax-aware planning | Portfolio action list | Who this investment advisory service is for | Goal planning: Income details readiness | Goal planning: scope, timing, and escalation","1","Securities and Exchange Board of India: https://www.sebi.gov.in/","2026-06-30","MyeCA Editorial Team - Tax and compliance editorial team","","","","Human review required: verify claims, source fit, examples, links, CTA, authorship, and visible body; then record approval in the CMS or source context."
"P2","/services/iso-certification","service","needs_revision","no","transactional","Indian businesses preparing process and evidence records before approaching an ISO certification body","ISO certification readiness","Certification-readiness scope before an application | Process, evidence, and operating records to prepare | Certification-body decisions remain outside MyeCA control | Define the certification scope and operating process | Prepare evidence before engaging a certification body | Manage certification delay and escalation triggers","1","National Accreditation Board for Certification Bodies: https://nabcb.qci.org.in/","2026-06-30","MyeCA Editorial Team - Tax and compliance editorial team","","","","Human review required: verify claims, source fit, examples, links, CTA, authorship, and visible body; then record approval in the CMS or source context."
"P2","/services/itr-filing","service","needs_revision","no","transactional","Individuals with salary, house property, investments, capital gains, foreign assets, or business income preparing an income-tax return.","ITR Filing Service","CA-assisted filing | AIS review | Deduction checks | Refund support | Who this individual tax services service is for | CA-assisted filing: PAN readiness | CA-assisted filing: scope, timing, and escalation","1","Income Tax Department: https://www.incometax.gov.in/","2026-06-30","MyeCA Editorial Team - Tax and compliance editorial team","","","","Human review required: verify claims, source fit, examples, links, CTA, authorship, and visible body; then record approval in the CMS or source context."
"P2","/services/itr-for-salaried","service","needs_revision","no","transactional","Salaried employees reconciling Form 16, AIS, tax credits, deductions, and regime choice before filing","ITR for salaried employees","Salaried ITR filing support | Form 16 and TDS review | Regime comparison before filing | Salaried ITR review | When expert review helps | Salaried filing delay and escalation","1","Income Tax Department: https://www.incometax.gov.in/","2026-06-30","MyeCA Editorial Team - Tax and compliance editorial team","","","","Human review required: verify claims, source fit, examples, links, CTA, authorship, and visible body; then record approval in the CMS or source context."
"P2","/services/labour-law-compliance","service","needs_revision","no","transactional","Indian employers mapping labour-law registrations, payroll records, and recurring obligations","labour law compliance","Employer-registration and recurring filing readiness | Payroll, employee, and establishment records to reconcile | State and central obligations depend on the actual workforce | Map obligations from the establishment and workforce facts | Keep a traceable employer compliance file | Identify labour-compliance delay risk","1","Ministry of Labour and Employment: https://labour.gov.in/","2026-06-30","MyeCA Editorial Team - Tax and compliance editorial team","","","","Human review required: verify claims, source fit, examples, links, CTA, authorship, and visible body; then record approval in the CMS or source context."
"P2","/services/msme-registration","service","needs_revision","no","transactional","Eligible proprietors, firms, LLPs, and companies seeking Udyam registration or correction of an existing MSME record.","MSME Registration","Udyam workflow | Business detail review | Certificate guidance | Benefit checklist | Who this business registration service is for | Udyam support: Aadhaar readiness | Udyam support: scope, timing, and escalation","1","Udyam Registration Portal: https://udyamregistration.gov.in/","2026-06-30","MyeCA Editorial Team - Tax and compliance editorial team","","","","Human review required: verify claims, source fit, examples, links, CTA, authorship, and visible body; then record approval in the CMS or source context."
"P2","/services/msme-udyam-registration","service","needs_revision","no","transactional","Small businesses aligning Aadhaar, PAN, GST, activity, and turnover records for Udyam registration","MSME registration","Enterprise identity and activity checked before Udyam submission | PAN, Aadhaar, GST, turnover, and investment records aligned | Benefits and scheme eligibility kept outside registration claims | Identify the enterprise and included Udyam task | Reconcile classification inputs before submission | Handle Udyam delay and escalation separately","1","Udyam Registration Portal: https://udyamregistration.gov.in/","2026-06-30","MyeCA Editorial Team - Tax and compliance editorial team","","","","Human review required: verify claims, source fit, examples, links, CTA, authorship, and visible body; then record approval in the CMS or source context."
"P2","/services/notice-compliance","service","needs_revision","no","transactional","Taxpayers responding to an income-tax communication with a deadline and supporting records","income tax notice reply","Notice, deadline, and response authority authenticated first | Filed return and source evidence compared with each issue | Payment, correction, disagreement, and appeal routes not conflated | Authenticate the notice and define the included response | Build the response from the filed position | Control deadline risk and escalation","1","Income Tax Department: https://www.incometax.gov.in/","2026-06-30","MyeCA Editorial Team - Tax and compliance editorial team","","","","Human review required: verify claims, source fit, examples, links, CTA, authorship, and visible body; then record approval in the CMS or source context."
"P2","/services/pan-card","service","needs_revision","no","transactional","Individuals or entities applying for a PAN or correcting identity, address, name, or status information on an existing record.","PAN card assistance","Application guidance | Correction checklist | Business PAN support | Status guidance | Who this identity services service is for | Identity tax support: Identity proof readiness | Identity tax support: scope, timing, and escalation","1","Income Tax Department: https://www.incometax.gov.in/","2026-06-30","MyeCA Editorial Team - Tax and compliance editorial team","","","","Human review required: verify claims, source fit, examples, links, CTA, authorship, and visible body; then record approval in the CMS or source context."
"P2","/services/professional-tax","service","needs_revision","no","transactional","Employers, professionals, and businesses checking state-specific professional-tax registration, enrolment, payment, or return obligations.","Professional Tax Compliance","Applicability review | Registration support | Payroll deduction guidance | Return checklist | Who this payroll services service is for | State compliance: Employer details readiness | State compliance: scope, timing, and escalation","1","National Portal of India: https://www.india.gov.in/","2026-06-30","MyeCA Editorial Team - Tax and compliance editorial team","","","","Human review required: verify claims, source fit, examples, links, CTA, authorship, and visible body; then record approval in the CMS or source context."
"P2","/services/startup-india","service","needs_revision","no","transactional","DPIIT-eligible startups preparing recognition documents or checking whether recognition supports a specific business objective.","Startup India Support","Eligibility review | DPIIT document checklist | Benefits guidance | Application support | Who this startup services service is for | DPIIT guidance: Entity documents readiness | DPIIT guidance: scope, timing, and escalation","1","Startup India: https://www.startupindia.gov.in/","2026-06-30","MyeCA Editorial Team - Tax and compliance editorial team","","","","Human review required: verify claims, source fit, examples, links, CTA, authorship, and visible body; then record approval in the CMS or source context."
"P2","/services/startup-india-registration","service","needs_revision","no","transactional","Eligible startups preparing incorporation, innovation, founder, and authorisation records for DPIIT recognition","startup india registration","DPIIT recognition readiness begins with entity eligibility | Innovation and business-model evidence prepared for the application | Recognition, tax benefits, and funding outcomes are separate decisions | Test DPIIT eligibility before preparing the application | Prepare the innovation and business-model narrative | Manage recognition delay and escalation","1","Startup India: https://www.startupindia.gov.in/","2026-06-30","MyeCA Editorial Team - Tax and compliance editorial team","","","","Human review required: verify claims, source fit, examples, links, CTA, authorship, and visible body; then record approval in the CMS or source context."
"P2","/services/tan-registration","service","needs_revision","no","transactional","Businesses, employers, and other deductors that need a TAN before depositing or reporting tax deducted at source.","TAN Registration","TAN applicability review | Document checklist | TDS workflow guidance | Status support | Who this tax compliance service is for | TDS compliance: PAN readiness | TDS compliance: scope, timing, and escalation","1","Income Tax Department: https://www.incometax.gov.in/","2026-06-30","MyeCA Editorial Team - Tax and compliance editorial team","","","","Human review required: verify claims, source fit, examples, links, CTA, authorship, and visible body; then record approval in the CMS or source context."
"P2","/services/tax-consultation","service","needs_revision","no","transactional","Taxpayers who need a focused answer before filing, paying, correcting a return, or responding to a tax communication.","Tax Consultation","Case-specific advice | Written next steps | Tax position review | Filing or notice guidance | Who this tax advisory service is for | Ask an expert: Question summary readiness | Ask an expert: scope, timing, and escalation","1","Income Tax Department: https://www.incometax.gov.in/","2026-06-30","MyeCA Editorial Team - Tax and compliance editorial team","","","","Human review required: verify claims, source fit, examples, links, CTA, authorship, and visible body; then record approval in the CMS or source context."
"P2","/services/tax-planning","service","needs_revision","no","transactional","Individuals and founders reviewing regime choice, deductions, gains, and transaction timing","tax planning services India","Planning decisions tied to dated income and transaction facts | Regime, deduction, gain, and cash-flow effects compared separately | Returns, investments, and guaranteed savings kept outside planning claims | Define the planning decision and included period | Model each option from supported figures | Identify planning delay and escalation events","1","Income Tax Department: https://www.incometax.gov.in/","2026-06-30","MyeCA Editorial Team - Tax and compliance editorial team","","","","Human review required: verify claims, source fit, examples, links, CTA, authorship, and visible body; then record approval in the CMS or source context."
"P2","/services/tds-filing","service","needs_revision","no","transactional","Employers and other deductors preparing challans, deductee records, and quarterly TDS returns","TDS filing service","Quarter, form, TAN, challans, and deductee population established | Payment register and tax deposit reconciled before return upload | Defaults, corrections, and notices scoped outside routine filing | Confirm the included TDS return and quarter | Reconcile deduction, deposit, and deductee records | Manage filing delay and escalation","1","Income Tax Department: https://www.incometax.gov.in/","2026-06-30","MyeCA Editorial Team - Tax and compliance editorial team","","","","Human review required: verify claims, source fit, examples, links, CTA, authorship, and visible body; then record approval in the CMS or source context."
"P2","/services/trade-license","service","needs_revision","no","transactional","Businesses checking a municipal trade-licence requirement and preparing premises and activity proof","trade license registration","trade license registration | municipal trade license | shop and establishment license | trade license renewal | business license India | Check local licence requirement | Prepare premises and activity proof | Plan for municipal follow-up","1","National Portal of India: https://www.india.gov.in/","2026-06-30","MyeCA Editorial Team - Tax and compliance editorial team","","","","Human review required: verify claims, source fit, examples, links, CTA, authorship, and visible body; then record approval in the CMS or source context."
"P2","/services/trademark-registration","service","needs_revision","no","transactional","Founders and brands preparing a trademark search, class selection, and application record","trademark registration","Applicant, mark, and class defined before filing | Search findings and use evidence retained with the application | Objection, opposition, and renewal work scoped separately | Define the mark, owner, and filing class | Use the search to identify filing risk | Track examination delay and escalation events","1","Intellectual Property India: https://ipindia.gov.in/","2026-06-30","MyeCA Editorial Team - Tax and compliance editorial team","","","","Human review required: verify claims, source fit, examples, links, CTA, authorship, and visible body; then record approval in the CMS or source context."
"P2","/services/wealth-management","service","needs_revision","no","transactional","Individuals and families coordinating long-term goals, investments, liabilities, protection needs, and tax records.","Wealth Management Advisory","Portfolio review | Tax-aware planning | Goal tracking | Family finance coordination | Who this investment advisory service is for | Long-term planning: Investment statements readiness | Long-term planning: scope, timing, and escalation","1","Securities and Exchange Board of India: https://www.sebi.gov.in/","2026-06-30","MyeCA Editorial Team - Tax and compliance editorial team","","","","Human review required: verify claims, source fit, examples, links, CTA, authorship, and visible body; then record approval in the CMS or source context."
"P2","/startup-services","service","needs_revision","no","transactional","Founders choosing incorporation, accounting, funding-readiness, and compliance support for their current stage","startup solutions","startup solutions | entrepreneur support | startup ecosystem India | launch business India | Choose the startup milestone | Build the company record set | Coordinate linked obligations","1","Ministry of Corporate Affairs: https://www.mca.gov.in/","2026-06-30","MyeCA Editorial Team - Tax and compliance editorial team","","","","Human review required: verify claims, source fit, examples, links, CTA, authorship, and visible body; then record approval in the CMS or source context."
"P2","/startup/accounting","service","needs_revision","no","transactional","Founders setting up books, invoice workflows, monthly close, and compliance-ready reporting","Startup Accounting Setup","Chart of accounts setup | Monthly bookkeeping workflow | MIS reporting | Tax-ready records | Startup Accounting Setup: who it is for and what it should settle | Startup Accounting Setup: records and working process | Startup Accounting Setup: exclusions and next decision","1","Ministry of Corporate Affairs: https://www.mca.gov.in/","2026-06-30","MyeCA Editorial Team - Tax and compliance editorial team","","","","Human review required: verify claims, source fit, examples, links, CTA, authorship, and visible body; then record approval in the CMS or source context."
"P2","/startup/funding","service","needs_revision","no","transactional","Founders preparing financial, ownership, compliance, and diligence records before fundraising","startup funding readiness","startup funding readiness | startup finance documents | investor readiness India | funding compliance checklist | Define the funding objective | Prepare investor-ready records | Separate readiness from fundraising","1","Ministry of Corporate Affairs: https://www.mca.gov.in/","2026-06-30","MyeCA Editorial Team - Tax and compliance editorial team","","","","Human review required: verify claims, source fit, examples, links, CTA, authorship, and visible body; then record approval in the CMS or source context."
"P2","/startup/growth","service","needs_revision","no","transactional","Founders connecting growth plans with unit economics, finance hygiene, funding readiness, and compliance","Startup Growth Strategy","Growth roadmap | Unit economics review | Funding readiness | Compliance scaling plan | Startup Growth Strategy: who it is for and what it should settle | Startup Growth Strategy: records and working process | Startup Growth Strategy: exclusions and next decision","1","Ministry of Corporate Affairs: https://www.mca.gov.in/","2026-06-30","MyeCA Editorial Team - Tax and compliance editorial team","","","","Human review required: verify claims, source fit, examples, links, CTA, authorship, and visible body; then record approval in the CMS or source context."
"P2","/startup/planning","service","needs_revision","no","transactional","Idea-stage and early-stage founders turning a business model into a structure and operating roadmap","startup business planning India","Entity planning | Registration roadmap | Budget outline | Compliance priorities | Startup Business Planning: who it is for and what it should settle | Startup Business Planning: records and working process | Startup Business Planning: exclusions and next decision","1","Ministry of Corporate Affairs: https://www.mca.gov.in/","2026-06-30","MyeCA Editorial Team - Tax and compliance editorial team","","","","Human review required: verify claims, source fit, examples, links, CTA, authorship, and visible body; then record approval in the CMS or source context."
"P2","/startup/registration","service","needs_revision","no","transactional","Founders choosing an entity and preparing incorporation and post-registration obligations","startup registration India","startup registration India | DPIIT startup registration | startup compliance India | Choose entity and registration path | Prepare founder and business records | Plan post-registration compliance","1","Ministry of Corporate Affairs: https://www.mca.gov.in/","2026-06-30","MyeCA Editorial Team - Tax and compliance editorial team","","","","Human review required: verify claims, source fit, examples, links, CTA, authorship, and visible body; then record approval in the CMS or source context."
"P2","/tax-assistant","page","needs_revision","no","informational","Taxpayers forming a complete tax question and deciding when an answer needs professional review","ai tax assistant","ai tax assistant | tax help bot | expert tax answers | chat with tax expert | Ask a fact-complete tax question | Check the answer against records | Escalate uncertain treatment","1","Income Tax Department: https://www.incometax.gov.in/","2026-06-30","MyeCA Editorial Team - Tax and compliance editorial team","","","","Human review required: verify claims, source fit, examples, links, CTA, authorship, and visible body; then record approval in the CMS or source context."
"P2","/tax-loss-harvesting","page","needs_revision","no","informational","Investors with realised gains and losses assessing year-end tax treatment before trading","Tax Loss Harvesting","Capital loss review before year end | Realised gains, eligible losses, and transaction-cost records | Filing and investment decisions kept separate | Identify gains and eligible losses from transaction records | Test the tax result before placing a trade","1","Income Tax Department: https://www.incometax.gov.in/","2026-06-30","MyeCA Editorial Team - Tax and compliance editorial team","","","","Human review required: verify claims, source fit, examples, links, CTA, authorship, and visible body; then record approval in the CMS or source context."
"P2","/tax-optimizer","calculator","needs_revision","no","transactional","Individuals comparing regime, deduction, and tax-planning scenarios before filing or investing","tax optimizer India","tax optimizer India | tax saving planner | deduction optimizer | section 80C planner | income tax saving | Enter complete income and deductions | Compare regimes and scenarios | Verify eligible evidence","1","Income Tax Department: https://www.incometax.gov.in/","2026-06-30","MyeCA Editorial Team - Tax and compliance editorial team","","","","Human review required: verify claims, source fit, examples, links, CTA, authorship, and visible body; then record approval in the CMS or source context."
"P2","/tds-refund-tracker","page","needs_revision","no","informational","Taxpayers reconciling TDS credits, return processing, and refund status after filing","TDS refund tracker","TDS refund tracker | income tax refund status | ITR refund check | Form 26AS refund | AIS TDS refund | Use the correct return details | Interpret refund status | Prepare evidence for follow-up","1","Income Tax Department: https://www.incometax.gov.in/","2026-06-30","MyeCA Editorial Team - Tax and compliance editorial team","","","","Human review required: verify claims, source fit, examples, links, CTA, authorship, and visible body; then record approval in the CMS or source context."
"P2","/which-itr-form-to-file","page","needs_revision","no","informational","Individuals ready to identify their return type and begin an income-tax filing workflow","individual ITR form selector","individual ITR form selector | which ITR form | ITR-1 ITR-2 ITR-3 ITR-4 | AY 2026-27 ITR | income tax return form | Map the taxpayer profile | Select the likely ITR form | Prepare the filing file","1","Income Tax Department: https://www.incometax.gov.in/","2026-06-30","MyeCA Editorial Team - Tax and compliance editorial team","","","","Human review required: verify claims, source fit, examples, links, CTA, authorship, and visible body; then record approval in the CMS or source context."
"P3","/blog/advance-tax-tax-year-2026-27-new-act-checklist","blog","needs_revision","no","informational","Taxpayers using Salary, business income, interest, rent, and capital gains need separate assumptions and Challan proof and computation notes should be preserved after each installment to Advance tax should be estimated for Tax Year 2026-27 income before choosing the treatment for advance tax Tax Year 2026-27 new Act.","advance tax Tax Year 2026-27 new Act","Advance tax should be estimated for Tax Year 2026-27 income. | Salary, business income, interest, rent, and capital gains need separate assumptions. | Challan proof and computation notes should be preserved after each installment.","2","Income Tax Department - Tax payments under the 2025 Act: https://www.incometax.gov.in/iec/foportal/help/all-topics/e-filing-services/guide-to-tax-payments-under-the-income-tax-act-2025-faq | Income Tax Department - New Act transition FAQs: https://www.incometax.gov.in/iec/foportal/help/all-topics/e-filing-services/objective-and-scope-new-act-faq","2026-05-27","MyeCA Editorial Team - New Income Tax Law Desk","","","","Human review required: verify claims, source fit, examples, links, CTA, authorship, and visible body; then record approval in the CMS or source context."
"P3","/blog/ais-form-26as-tds-reconciliation-playbook-ay-2026-27","blog","needs_revision","no","informational","Taxpayers using TDS credit should match portal records and Mismatches need an action before or after filing to AIS is broader than Form 26AS before filing or responding for AIS Form 26AS reconciliation.","AIS Form 26AS reconciliation","AIS is broader than Form 26AS. | TDS credit should match portal records. | Mismatches need an action before or after filing.","3","Income Tax Department - Tax Credit Mismatch FAQs: https://www.incometax.gov.in/iec/foportal/node/11487 | Income Tax Department - AIS FAQ: https://www.incometax.gov.in/iec/foportal/ais-faq | Income Tax Department - Income Tax Returns FAQs: https://www.incometax.gov.in/iec/foportal/help/all-topics/e-filing-services/%20income%20tax%20returns-faq","2026-05-27","MyeCA Editorial Team - ITR Filing Desk","","","","Human review required: verify claims, source fit, examples, links, CTA, authorship, and visible body; then record approval in the CMS or source context."
"P3","/blog/annual-roc-compliance-calendar-companies-llps","blog","needs_revision","no","informational","Company and LLP founders, finance teams, and compliance owners planning annual ROC filings and record retention.","ROC compliance","Annual compliance starts with clean books and entity records. | Inactive or low-activity entities may still need filings. | Acknowledgements and signed records should be preserved every year.","1","MCA Portal: https://www.mca.gov.in/","2026-05-27","MyeCA Editorial Team - Corporate Compliance Desk","","","","Human review required: verify claims, source fit, examples, links, CTA, authorship, and visible body; then record approval in the CMS or source context."
"P3","/blog/ay-2026-27-agricultural-income-disclosure-guide","blog","needs_revision","no","informational","Individual taxpayers using land records, crop sale receipts, and bank statement to disclose exempt agricultural income, land records, sale receipts, and rate-impact checks before reporting agricultural income ITR AY 2026-27.","agricultural income ITR AY 2026-27","disclose exempt agricultural income, land records, sale receipts, and rate-impact checks | land records | crop sale receipts | bank statement | Connect the receipt to land and activity. | Reconcile quantity and cash flow. | disclosure and rate impact.","5","Income Tax Department - AY 2026-27 ITR utilities: https://www.incometax.gov.in/iec/foportal/downloads/income-tax-returns | Income Tax Department - Income Tax Returns FAQs: https://www.incometax.gov.in/iec/foportal/help/all-topics/e-filing-services/%20income%20tax%20returns-faq | Income Tax Department - Annual Information Statement: https://www.incometax.gov.in/iec/foportal/help/all-topics/e-filing-services/ais-annual-information-statement | Income Tax Department - Tax Credit Mismatch FAQs: https://www.incometax.gov.in/iec/foportal/node/11487 | Income Tax Department - e-Verify Return FAQs: https://www.incometax.gov.in/iec/foportal/help/e-filing-e-verify-your-return-faq","2026-05-27","MyeCA Editorial Team - Tax and Scheme Research Desk","","","","Human review required: verify claims, source fit, examples, links, CTA, authorship, and visible body; then record approval in the CMS or source context."
"P3","/blog/ay-2026-27-architect-designer-44ada-itr-guide","blog","needs_revision","no","informational","Architects and designers preparing an AY 2026-27 return and reconciling fee invoices, Form 16A, and expense summary.","44ADA architect ITR AY 2026-27","check whether presumptive professional taxation is available and whether ITR-4 or ITR-3 fits | fee invoices | Form 16A | expense summary | Fee invoices and Form 16A need a documented reconciliation. | Expense summary should explain material differences before filing. | Keep the 44ADA architect ITR working papers, corrections, and filing acknowledgement together.","5","Income Tax Department - AY 2026-27 ITR utilities: https://www.incometax.gov.in/iec/foportal/downloads/income-tax-returns | Income Tax Department - Income Tax Returns FAQs: https://www.incometax.gov.in/iec/foportal/help/all-topics/e-filing-services/%20income%20tax%20returns-faq | Income Tax Department - Annual Information Statement: https://www.incometax.gov.in/iec/foportal/help/all-topics/e-filing-services/ais-annual-information-statement | Income Tax Department - Tax Credit Mismatch FAQs: https://www.incometax.gov.in/iec/foportal/node/11487 | GST Portal: https://www.gst.gov.in/","2026-05-27","MyeCA Editorial Team - Tax and Scheme Research Desk","","","","Human review required: verify claims, source fit, examples, links, CTA, authorship, and visible body; then record approval in the CMS or source context."
"P3","/blog/ay-2026-27-bank-tds-without-form-16a-checklist","blog","needs_revision","no","informational","Taxpayers using bank interest certificate, Form 26AS, and AIS to match TDS in Form 26AS, AIS, bank certificates, and interest income before refund claims before filing or responding for bank TDS no Form 16A AY 2026-27.","bank TDS no Form 16A AY 2026-27","match TDS in Form 26AS, AIS, bank certificates, and interest income before refund claims | bank interest certificate | Form 26AS | AIS | ask the bank for the right records. | Resolve a missing or incorrect credit. | file from the full interest schedule.","5","Income Tax Department - AY 2026-27 ITR utilities: https://www.incometax.gov.in/iec/foportal/downloads/income-tax-returns | Income Tax Department - Income Tax Returns FAQs: https://www.incometax.gov.in/iec/foportal/help/all-topics/e-filing-services/%20income%20tax%20returns-faq | Income Tax Department - Annual Information Statement: https://www.incometax.gov.in/iec/foportal/help/all-topics/e-filing-services/ais-annual-information-statement | Income Tax Department - Tax Credit Mismatch FAQs: https://www.incometax.gov.in/iec/foportal/node/11487 | Income Tax Department - e-Verify Return FAQs: https://www.incometax.gov.in/iec/foportal/help/e-filing-e-verify-your-return-faq","2026-05-27","MyeCA Editorial Team - Tax and Scheme Research Desk","","","","Human review required: verify claims, source fit, examples, links, CTA, authorship, and visible body; then record approval in the CMS or source context."
"P3","/blog/ay-2026-27-capital-gains-missing-ais-checklist","blog","needs_revision","no","informational","Investors and traders calculating and reporting capital gains missing AIS AY 2026-27 from broker, sale, and cost records.","capital gains missing AIS AY 2026-27","file from broker records even when AIS is incomplete while preserving reconciliation notes | broker statement | contract notes | AIS | Identify exactly what AIS omitted. | calculate the gain independently. | leave an evidence trail for the difference.","5","Income Tax Department - AY 2026-27 ITR utilities: https://www.incometax.gov.in/iec/foportal/downloads/income-tax-returns | Income Tax Department - Income Tax Returns FAQs: https://www.incometax.gov.in/iec/foportal/help/all-topics/e-filing-services/%20income%20tax%20returns-faq | Income Tax Department - Annual Information Statement: https://www.incometax.gov.in/iec/foportal/help/all-topics/e-filing-services/ais-annual-information-statement | Income Tax Department - Tax Credit Mismatch FAQs: https://www.incometax.gov.in/iec/foportal/node/11487 | Income Tax Department - e-Verify Return FAQs: https://www.incometax.gov.in/iec/foportal/help/e-filing-e-verify-your-return-faq","2026-05-27","MyeCA Editorial Team - Tax and Scheme Research Desk","","","","Human review required: verify claims, source fit, examples, links, CTA, authorship, and visible body; then record approval in the CMS or source context."
"P3","/blog/ay-2026-27-cash-deposit-ais-review-guide","blog","needs_revision","no","informational","Users seeing cash deposits in AIS preparing an AY 2026-27 return and reconciling AIS, bank statement, and cash book if any.","cash deposit AIS ITR AY 2026-27","explain cash deposits with source records before filing or responding to mismatch questions | AIS | bank statement | cash book if any | AIS and bank statement need a documented reconciliation. | Cash book if any should explain material differences before filing. | Keep the cash deposit AIS ITR working papers, corrections, and filing acknowledgement together.","5","Income Tax Department - AY 2026-27 ITR utilities: https://www.incometax.gov.in/iec/foportal/downloads/income-tax-returns | Income Tax Department - Income Tax Returns FAQs: https://www.incometax.gov.in/iec/foportal/help/all-topics/e-filing-services/%20income%20tax%20returns-faq | Income Tax Department - Annual Information Statement: https://www.incometax.gov.in/iec/foportal/help/all-topics/e-filing-services/ais-annual-information-statement | Income Tax Department - Tax Credit Mismatch FAQs: https://www.incometax.gov.in/iec/foportal/node/11487 | Income Tax Department - e-Verify Return FAQs: https://www.incometax.gov.in/iec/foportal/help/e-filing-e-verify-your-return-faq","2026-05-27","MyeCA Editorial Team - Tax and Scheme Research Desk","","","","Human review required: verify claims, source fit, examples, links, CTA, authorship, and visible body; then record approval in the CMS or source context."
"P3","/blog/ay-2026-27-co-owned-house-property-itr-guide","blog","needs_revision","no","informational","Co-owners of house property preparing an AY 2026-27 return and reconciling ownership deed, loan certificate, and rent agreement.","co owned house property ITR AY 2026-27","split rent, loan interest, ownership share, and deduction support among co-owners | ownership deed | loan certificate | rent agreement | Ownership deed and loan certificate need a documented reconciliation. | Rent agreement should explain material differences before filing. | Keep the co owned house property ITR working papers, corrections, and filing acknowledgement together.","5","Income Tax Department - AY 2026-27 ITR utilities: https://www.incometax.gov.in/iec/foportal/downloads/income-tax-returns | Income Tax Department - Income Tax Returns FAQs: https://www.incometax.gov.in/iec/foportal/help/all-topics/e-filing-services/%20income%20tax%20returns-faq | Income Tax Department - Annual Information Statement: https://www.incometax.gov.in/iec/foportal/help/all-topics/e-filing-services/ais-annual-information-statement | Income Tax Department - Tax Credit Mismatch FAQs: https://www.incometax.gov.in/iec/foportal/node/11487 | Income Tax Department - e-Verify Return FAQs: https://www.incometax.gov.in/iec/foportal/help/e-filing-e-verify-your-return-faq","2026-05-27","MyeCA Editorial Team - Tax and Scheme Research Desk","","","","Human review required: verify claims, source fit, examples, links, CTA, authorship, and visible body; then record approval in the CMS or source context."
"P3","/blog/ay-2026-27-consultant-gst-tds-reconciliation-guide","blog","needs_revision","no","informational","Freelancers and owner-managed businesses using GST returns, Form 16A, and bank credits to reconcile professional receipts, GST turnover, Form 16A, and AIS before filing before finalising the return.","consultant GST TDS ITR AY 2026-27","reconcile professional receipts, GST turnover, Form 16A, and AIS before filing | GST returns | Form 16A | bank credits | Build an invoice-to-receipt bridge. | investigate the difference by cause. | Decide return and GST actions separately.","5","Income Tax Department - AY 2026-27 ITR utilities: https://www.incometax.gov.in/iec/foportal/downloads/income-tax-returns | Income Tax Department - Income Tax Returns FAQs: https://www.incometax.gov.in/iec/foportal/help/all-topics/e-filing-services/%20income%20tax%20returns-faq | Income Tax Department - Annual Information Statement: https://www.incometax.gov.in/iec/foportal/help/all-topics/e-filing-services/ais-annual-information-statement | Income Tax Department - Tax Credit Mismatch FAQs: https://www.incometax.gov.in/iec/foportal/node/11487 | GST Portal: https://www.gst.gov.in/","2026-05-27","MyeCA Editorial Team - Tax and Scheme Research Desk","","","","Human review required: verify claims, source fit, examples, links, CTA, authorship, and visible body; then record approval in the CMS or source context."
"P3","/blog/ay-2026-27-crypto-vda-tax-records-checklist","blog","needs_revision","no","informational","Investors and traders calculating and reporting crypto VDA tax records AY 2026-27 from broker, sale, and cost records.","crypto VDA tax records AY 2026-27","preserve exchange reports, VDA transfer records, TDS data, and bank trail before filing | exchange statement | VDA transaction report | TDS records | Create a wallet-and-exchange inventory. | calculate each taxable event from supported data. | Match VDA TDS without relying on it as the transaction ledger.","5","Income Tax Department - AY 2026-27 ITR utilities: https://www.incometax.gov.in/iec/foportal/downloads/income-tax-returns | Income Tax Department - Income Tax Returns FAQs: https://www.incometax.gov.in/iec/foportal/help/all-topics/e-filing-services/%20income%20tax%20returns-faq | Income Tax Department - Annual Information Statement: https://www.incometax.gov.in/iec/foportal/help/all-topics/e-filing-services/ais-annual-information-statement | Income Tax Department - Tax Credit Mismatch FAQs: https://www.incometax.gov.in/iec/foportal/node/11487 | Income Tax Department - e-Verify Return FAQs: https://www.incometax.gov.in/iec/foportal/help/e-filing-e-verify-your-return-faq","2026-05-27","MyeCA Editorial Team - Tax and Scheme Research Desk","","","","Human review required: verify claims, source fit, examples, links, CTA, authorship, and visible body; then record approval in the CMS or source context."
"P3","/blog/ay-2026-27-dividend-income-ais-reconciliation-guide","blog","needs_revision","no","informational","Individual taxpayers using dividend statement, broker report, and Form 26AS to match dividends, TDS, Form 26AS, broker reports, and bank credits before reporting dividend income AIS ITR AY 2026-27.","dividend income AIS ITR AY 2026-27","match dividends, TDS, Form 26AS, broker reports, and bank credits | dividend statement | broker report | Form 26AS | Build an issuer-level register. | Explain AIS and bank differences. | Keep dividend, expense, and foreign-tax questions separate.","5","Income Tax Department - AY 2026-27 ITR utilities: https://www.incometax.gov.in/iec/foportal/downloads/income-tax-returns | Income Tax Department - Income Tax Returns FAQs: https://www.incometax.gov.in/iec/foportal/help/all-topics/e-filing-services/%20income%20tax%20returns-faq | Income Tax Department - Annual Information Statement: https://www.incometax.gov.in/iec/foportal/help/all-topics/e-filing-services/ais-annual-information-statement | Income Tax Department - Tax Credit Mismatch FAQs: https://www.incometax.gov.in/iec/foportal/node/11487 | Income Tax Department - e-Verify Return FAQs: https://www.incometax.gov.in/iec/foportal/help/e-filing-e-verify-your-return-faq","2026-05-27","MyeCA Editorial Team - Tax and Scheme Research Desk","","","","Human review required: verify claims, source fit, examples, links, CTA, authorship, and visible body; then record approval in the CMS or source context."
"P3","/blog/ay-2026-27-doctor-professional-receipts-itr-guide","blog","needs_revision","no","informational","Freelancers and owner-managed businesses using Form 16A, invoice register, and bank statement to classify professional receipts, TDS, expenses, presumptive tax eligibility, and books before finalising the return.","doctor professional income ITR AY 2026-27","classify professional receipts, TDS, expenses, presumptive tax eligibility, and books | Form 16A | invoice register | bank statement | Separate each practice arrangement. | expenses and reimbursements. | test the filing route from actual activity.","5","Income Tax Department - AY 2026-27 ITR utilities: https://www.incometax.gov.in/iec/foportal/downloads/income-tax-returns | Income Tax Department - Income Tax Returns FAQs: https://www.incometax.gov.in/iec/foportal/help/all-topics/e-filing-services/%20income%20tax%20returns-faq | Income Tax Department - Annual Information Statement: https://www.incometax.gov.in/iec/foportal/help/all-topics/e-filing-services/ais-annual-information-statement | Income Tax Department - Tax Credit Mismatch FAQs: https://www.incometax.gov.in/iec/foportal/node/11487 | GST Portal: https://www.gst.gov.in/","2026-05-27","MyeCA Editorial Team - Tax and Scheme Research Desk","","","","Human review required: verify claims, source fit, examples, links, CTA, authorship, and visible body; then record approval in the CMS or source context."
"P3","/blog/ay-2026-27-donation-deduction-record-guide","blog","needs_revision","no","informational","Donors claiming deductions preparing an AY 2026-27 return and reconciling donation receipt, donee registration details, and payment proof.","donation deduction 80G 80GGC AY 2026-27","match donation receipts, donee details, payment mode, and old-regime eligibility | donation receipt | donee registration details | payment proof | Donation receipt and donee registration details need a documented reconciliation. | Payment proof should explain material differences before filing. | Keep the donation deduction 80G 80GGC working papers, corrections, and filing acknowledgement together.","5","Income Tax Department - AY 2026-27 ITR utilities: https://www.incometax.gov.in/iec/foportal/downloads/income-tax-returns | Income Tax Department - Income Tax Returns FAQs: https://www.incometax.gov.in/iec/foportal/help/all-topics/e-filing-services/%20income%20tax%20returns-faq | Income Tax Department - Annual Information Statement: https://www.incometax.gov.in/iec/foportal/help/all-topics/e-filing-services/ais-annual-information-statement | Income Tax Department - Tax Credit Mismatch FAQs: https://www.incometax.gov.in/iec/foportal/node/11487 | Income Tax Department - e-Verify Return FAQs: https://www.incometax.gov.in/iec/foportal/help/e-filing-e-verify-your-return-faq","2026-05-27","MyeCA Editorial Team - Tax and Scheme Research Desk","","","","Human review required: verify claims, source fit, examples, links, CTA, authorship, and visible body; then record approval in the CMS or source context."
"P3","/blog/ay-2026-27-ecommerce-seller-itr-gst-checklist","blog","needs_revision","no","informational","Ecommerce sellers preparing an AY 2026-27 return and reconciling marketplace statement, GST returns, and bank settlement report.","ecommerce seller ITR GST AY 2026-27","reconcile marketplace statements, GST returns, TDS or TCS data, and income-tax turnover | marketplace statement | GST returns | bank settlement report | Marketplace statement and GST returns need a documented reconciliation. | Bank settlement report should explain material differences before filing. | Keep the ecommerce seller ITR GST working papers, corrections, and filing acknowledgement together.","5","Income Tax Department - AY 2026-27 ITR utilities: https://www.incometax.gov.in/iec/foportal/downloads/income-tax-returns | Income Tax Department - Income Tax Returns FAQs: https://www.incometax.gov.in/iec/foportal/help/all-topics/e-filing-services/%20income%20tax%20returns-faq | Income Tax Department - Annual Information Statement: https://www.incometax.gov.in/iec/foportal/help/all-topics/e-filing-services/ais-annual-information-statement | Income Tax Department - Tax Credit Mismatch FAQs: https://www.incometax.gov.in/iec/foportal/node/11487 | GST Portal: https://www.gst.gov.in/","2026-05-27","MyeCA Editorial Team - Tax and Scheme Research Desk","","","","Human review required: verify claims, source fit, examples, links, CTA, authorship, and visible body; then record approval in the CMS or source context."
"P3","/blog/ay-2026-27-education-loan-interest-deduction-guide","blog","needs_revision","no","informational","Taxpayers using bank interest certificate, loan sanction letter, and Form 16 to document education loan interest, eligible borrower relationship, and old-regime deduction claim before choosing the treatment for education loan interest deduction AY 2026-27.","education loan interest deduction AY 2026-27","document education loan interest, eligible borrower relationship, and old-regime deduction claim | bank interest certificate | loan sanction letter | Form 16 | Confirm the loan and education facts. | Check who may claim and for how long. | Compare the deduction with regime choice.","5","Income Tax Department - AY 2026-27 ITR utilities: https://www.incometax.gov.in/iec/foportal/downloads/income-tax-returns | Income Tax Department - Income Tax Returns FAQs: https://www.incometax.gov.in/iec/foportal/help/all-topics/e-filing-services/%20income%20tax%20returns-faq | Income Tax Department - Annual Information Statement: https://www.incometax.gov.in/iec/foportal/help/all-topics/e-filing-services/ais-annual-information-statement | Income Tax Department - Tax Credit Mismatch FAQs: https://www.incometax.gov.in/iec/foportal/node/11487 | Income Tax Department - e-Verify Return FAQs: https://www.incometax.gov.in/iec/foportal/help/e-filing-e-verify-your-return-faq","2026-05-27","MyeCA Editorial Team - Tax and Scheme Research Desk","","","","Human review required: verify claims, source fit, examples, links, CTA, authorship, and visible body; then record approval in the CMS or source context."
"P3","/blog/ay-2026-27-epf-withdrawal-taxability-checklist","blog","needs_revision","no","informational","Individual taxpayers using EPF statement, Form 16A if issued, and bank credit proof to check TDS, service period, EPF statement, and whether withdrawal income needs reporting before reporting EPF withdrawal tax ITR AY 2026-27.","EPF withdrawal tax ITR AY 2026-27","check TDS, service period, EPF statement, and whether withdrawal income needs reporting | EPF statement | Form 16A if issued | bank credit proof | reconstruct continuous service before deciding taxability. | break the settlement into supported components. | treat TDS as a credit, not the taxability decision.","5","Income Tax Department - AY 2026-27 ITR utilities: https://www.incometax.gov.in/iec/foportal/downloads/income-tax-returns | Income Tax Department - Income Tax Returns FAQs: https://www.incometax.gov.in/iec/foportal/help/all-topics/e-filing-services/%20income%20tax%20returns-faq | Income Tax Department - Annual Information Statement: https://www.incometax.gov.in/iec/foportal/help/all-topics/e-filing-services/ais-annual-information-statement | Income Tax Department - Tax Credit Mismatch FAQs: https://www.incometax.gov.in/iec/foportal/node/11487 | Income Tax Department - e-Verify Return FAQs: https://www.incometax.gov.in/iec/foportal/help/e-filing-e-verify-your-return-faq","2026-05-27","MyeCA Editorial Team - Tax and Scheme Research Desk","","","","Human review required: verify claims, source fit, examples, links, CTA, authorship, and visible body; then record approval in the CMS or source context."
"P3","/blog/ay-2026-27-esop-sale-perquisite-itr-checklist","blog","needs_revision","no","informational","Employees selling ESOP shares preparing an AY 2026-27 return and reconciling Form 16, ESOP exercise statement, and broker sale report.","ESOP sale ITR AY 2026-27","connect salary perquisite reporting with later share sale capital gains and disclosures | Form 16 | ESOP exercise statement | broker sale report | Form 16 and ESOP exercise statement need a documented reconciliation. | Broker sale report should explain material differences before filing. | Keep the ESOP sale ITR working papers, corrections, and filing acknowledgement together.","5","Income Tax Department - AY 2026-27 ITR utilities: https://www.incometax.gov.in/iec/foportal/downloads/income-tax-returns | Income Tax Department - Income Tax Returns FAQs: https://www.incometax.gov.in/iec/foportal/help/all-topics/e-filing-services/%20income%20tax%20returns-faq | Income Tax Department - Annual Information Statement: https://www.incometax.gov.in/iec/foportal/help/all-topics/e-filing-services/ais-annual-information-statement | Income Tax Department - Tax Credit Mismatch FAQs: https://www.incometax.gov.in/iec/foportal/node/11487 | Income Tax Department - e-Verify Return FAQs: https://www.incometax.gov.in/iec/foportal/help/e-filing-e-verify-your-return-faq","2026-05-27","MyeCA Editorial Team - Tax and Scheme Research Desk","","","","Human review required: verify claims, source fit, examples, links, CTA, authorship, and visible body; then record approval in the CMS or source context."
"P3","/blog/ay-2026-27-first-time-salaried-employee-itr-guide","blog","needs_revision","no","informational","First-time salaried employees preparing an AY 2026-27 return and reconciling PAN and Aadhaar records, Form 16, and AIS and Form 26AS.","first time salaried employee ITR AY 2026-27","choose the assessment year, Form 16, bank interest, and e-verification without rushing the return | PAN and Aadhaar records | Form 16 | AIS and Form 26AS | PAN and Aadhaar records and Form 16 need a documented reconciliation. | AIS and Form 26AS should explain material differences before filing. | Keep the first time salaried employee ITR working papers, corrections, and filing acknowledgement together.","5","Income Tax Department - AY 2026-27 ITR utilities: https://www.incometax.gov.in/iec/foportal/downloads/income-tax-returns | Income Tax Department - Income Tax Returns FAQs: https://www.incometax.gov.in/iec/foportal/help/all-topics/e-filing-services/%20income%20tax%20returns-faq | Income Tax Department - Salaried Individuals AY 2026-27: https://www.incometax.gov.in/iec/foportal/help/individual/return-applicable-1 | Income Tax Department - Annual Information Statement: https://www.incometax.gov.in/iec/foportal/help/all-topics/e-filing-services/ais-annual-information-statement | Income Tax Department - Tax Credit Mismatch FAQs: https://www.incometax.gov.in/iec/foportal/node/11487","2026-05-27","MyeCA Editorial Team - Tax and Scheme Research Desk","","","","Human review required: verify claims, source fit, examples, links, CTA, authorship, and visible body; then record approval in the CMS or source context."
"P3","/blog/ay-2026-27-fno-loss-carry-forward-trader-guide","blog","needs_revision","no","informational","F&O traders preparing an AY 2026-27 return and reconciling broker P&L, turnover working, and expense notes.","F&O loss carry forward AY 2026-27","check business-income classification, due-date discipline, audit triggers, and loss records | broker P&L | turnover working | expense notes | Broker P&L and turnover working need a documented reconciliation. | Expense notes should explain material differences before filing. | Keep the trading loss carry-forward review working papers, corrections, and filing acknowledgement together.","5","Income Tax Department - AY 2026-27 ITR utilities: https://www.incometax.gov.in/iec/foportal/downloads/income-tax-returns | Income Tax Department - Income Tax Returns FAQs: https://www.incometax.gov.in/iec/foportal/help/all-topics/e-filing-services/%20income%20tax%20returns-faq | Income Tax Department - Annual Information Statement: https://www.incometax.gov.in/iec/foportal/help/all-topics/e-filing-services/ais-annual-information-statement | Income Tax Department - Tax Credit Mismatch FAQs: https://www.incometax.gov.in/iec/foportal/node/11487 | Income Tax Department - e-Verify Return FAQs: https://www.incometax.gov.in/iec/foportal/help/e-filing-e-verify-your-return-faq","2026-05-27","MyeCA Editorial Team - Tax and Scheme Research Desk","","","","Human review required: verify claims, source fit, examples, links, CTA, authorship, and visible body; then record approval in the CMS or source context."
"P3","/blog/ay-2026-27-foreign-travel-tcs-credit-itr-guide","blog","needs_revision","no","informational","Taxpayers using TCS certificate, travel invoice, and Form 26AS to match TCS on foreign travel packages or remittances with Form 26AS and AIS before filing or responding for foreign travel TCS credit ITR AY 2026-27.","foreign travel TCS credit ITR AY 2026-27","match TCS on foreign travel packages or remittances with Form 26AS and AIS | TCS certificate | travel invoice | Form 26AS | Identify why TCS was collected. | Match the collector's certificate to tax-credit statements. | understand what the credit changes.","5","Income Tax Department - AY 2026-27 ITR utilities: https://www.incometax.gov.in/iec/foportal/downloads/income-tax-returns | Income Tax Department - Income Tax Returns FAQs: https://www.incometax.gov.in/iec/foportal/help/all-topics/e-filing-services/%20income%20tax%20returns-faq | Income Tax Department - Annual Information Statement: https://www.incometax.gov.in/iec/foportal/help/all-topics/e-filing-services/ais-annual-information-statement | Income Tax Department - Tax Credit Mismatch FAQs: https://www.incometax.gov.in/iec/foportal/node/11487 | Income Tax Department - e-Verify Return FAQs: https://www.incometax.gov.in/iec/foportal/help/e-filing-e-verify-your-return-faq","2026-05-27","MyeCA Editorial Team - Tax and Scheme Research Desk","","","","Human review required: verify claims, source fit, examples, links, CTA, authorship, and visible body; then record approval in the CMS or source context."
"P3","/blog/ay-2026-27-form-16-missing-itr-guide","blog","needs_revision","no","informational","Employees without Form 16 preparing an AY 2026-27 return and reconciling salary slips, bank salary credits, and AIS.","file ITR without Form 16 AY 2026-27","use salary slips, AIS, Form 26AS, and employer follow-up without guessing salary figures | salary slips | bank salary credits | AIS | Salary slips and bank salary credits need a documented reconciliation. | AIS should explain material differences before filing. | Keep the file ITR without Form 16 working papers, corrections, and filing acknowledgement together.","5","Income Tax Department - AY 2026-27 ITR utilities: https://www.incometax.gov.in/iec/foportal/downloads/income-tax-returns | Income Tax Department - Income Tax Returns FAQs: https://www.incometax.gov.in/iec/foportal/help/all-topics/e-filing-services/%20income%20tax%20returns-faq | Income Tax Department - Salaried Individuals AY 2026-27: https://www.incometax.gov.in/iec/foportal/help/individual/return-applicable-1 | Income Tax Department - Annual Information Statement: https://www.incometax.gov.in/iec/foportal/help/all-topics/e-filing-services/ais-annual-information-statement | Income Tax Department - Tax Credit Mismatch FAQs: https://www.incometax.gov.in/iec/foportal/node/11487","2026-05-27","MyeCA Editorial Team - Tax and Scheme Research Desk","","","","Human review required: verify claims, source fit, examples, links, CTA, authorship, and visible body; then record approval in the CMS or source context."
"P3","/blog/ay-2026-27-freelancer-gst-turnover-income-tax-turnover","blog","needs_revision","no","informational","Freelancers with GST registration preparing an AY 2026-27 return and reconciling GSTR summaries, invoice register, and bank statement.","GST turnover income tax turnover freelancer AY 2026-27","understand why GST turnover and income-tax receipts can differ and how to document it | GSTR summaries | invoice register | bank statement | GSTR summaries and invoice register need a documented reconciliation. | Bank statement should explain material differences before filing. | Keep the GST turnover income tax turnover freelancer working papers, corrections, and filing acknowledgement together.","5","Income Tax Department - AY 2026-27 ITR utilities: https://www.incometax.gov.in/iec/foportal/downloads/income-tax-returns | Income Tax Department - Income Tax Returns FAQs: https://www.incometax.gov.in/iec/foportal/help/all-topics/e-filing-services/%20income%20tax%20returns-faq | Income Tax Department - Annual Information Statement: https://www.incometax.gov.in/iec/foportal/help/all-topics/e-filing-services/ais-annual-information-statement | Income Tax Department - Tax Credit Mismatch FAQs: https://www.incometax.gov.in/iec/foportal/node/11487 | GST Portal: https://www.gst.gov.in/","2026-05-27","MyeCA Editorial Team - Tax and Scheme Research Desk","","","","Human review required: verify claims, source fit, examples, links, CTA, authorship, and visible body; then record approval in the CMS or source context."
"P3","/blog/ay-2026-27-government-employee-hra-lta-itr-checklist","blog","needs_revision","no","informational","Government employees preparing an AY 2026-27 return and reconciling Form 16, rent receipts, and travel bills.","government employee HRA LTA ITR AY 2026-27","check HRA, LTA, salary allowances, and old-regime proof before filing | Form 16 | rent receipts | travel bills | Form 16 and rent receipts need a documented reconciliation. | Travel bills should explain material differences before filing. | Keep the government employee HRA LTA ITR working papers, corrections, and filing acknowledgement together.","5","Income Tax Department - AY 2026-27 ITR utilities: https://www.incometax.gov.in/iec/foportal/downloads/income-tax-returns | Income Tax Department - Income Tax Returns FAQs: https://www.incometax.gov.in/iec/foportal/help/all-topics/e-filing-services/%20income%20tax%20returns-faq | Income Tax Department - Salaried Individuals AY 2026-27: https://www.incometax.gov.in/iec/foportal/help/individual/return-applicable-1 | Income Tax Department - Annual Information Statement: https://www.incometax.gov.in/iec/foportal/help/all-topics/e-filing-services/ais-annual-information-statement | Income Tax Department - Tax Credit Mismatch FAQs: https://www.incometax.gov.in/iec/foportal/node/11487","2026-05-27","MyeCA Editorial Team - Tax and Scheme Research Desk","","","","Human review required: verify claims, source fit, examples, links, CTA, authorship, and visible body; then record approval in the CMS or source context."
"P3","/blog/ay-2026-27-gratuity-tax-checklist-employees","blog","needs_revision","no","informational","Employees receiving gratuity preparing an AY 2026-27 return and reconciling gratuity statement, Form 16, and settlement letter.","gratuity tax ITR AY 2026-27","match gratuity exemption, employer computation, Form 16, and final settlement documents | gratuity statement | Form 16 | settlement letter | Gratuity statement and Form 16 need a documented reconciliation. | Settlement letter should explain material differences before filing. | Keep the gratuity tax ITR working papers, corrections, and filing acknowledgement together.","5","Income Tax Department - AY 2026-27 ITR utilities: https://www.incometax.gov.in/iec/foportal/downloads/income-tax-returns | Income Tax Department - Income Tax Returns FAQs: https://www.incometax.gov.in/iec/foportal/help/all-topics/e-filing-services/%20income%20tax%20returns-faq | Income Tax Department - Salaried Individuals AY 2026-27: https://www.incometax.gov.in/iec/foportal/help/individual/return-applicable-1 | Income Tax Department - Annual Information Statement: https://www.incometax.gov.in/iec/foportal/help/all-topics/e-filing-services/ais-annual-information-statement | Income Tax Department - Tax Credit Mismatch FAQs: https://www.incometax.gov.in/iec/foportal/node/11487","2026-05-27","MyeCA Editorial Team - Tax and Scheme Research Desk","","","","Human review required: verify claims, source fit, examples, links, CTA, authorship, and visible body; then record approval in the CMS or source context."
"P3","/blog/ay-2026-27-high-value-transaction-ais-checklist","blog","needs_revision","no","informational","Taxpayers with high-value AIS entries preparing an AY 2026-27 return and reconciling AIS, transaction statements, and broker or bank records.","high value transaction AIS AY 2026-27","check whether securities, property, credit card, cash, or remittance entries match the return | AIS | transaction statements | broker or bank records | AIS and transaction statements need a documented reconciliation. | Broker or bank records should explain material differences before filing. | Keep the high value transaction AIS working papers, corrections, and filing acknowledgement together.","5","Income Tax Department - AY 2026-27 ITR utilities: https://www.incometax.gov.in/iec/foportal/downloads/income-tax-returns | Income Tax Department - Income Tax Returns FAQs: https://www.incometax.gov.in/iec/foportal/help/all-topics/e-filing-services/%20income%20tax%20returns-faq | Income Tax Department - Annual Information Statement: https://www.incometax.gov.in/iec/foportal/help/all-topics/e-filing-services/ais-annual-information-statement | Income Tax Department - Tax Credit Mismatch FAQs: https://www.incometax.gov.in/iec/foportal/node/11487 | Income Tax Department - e-Verify Return FAQs: https://www.incometax.gov.in/iec/foportal/help/e-filing-e-verify-your-return-faq","2026-05-27","MyeCA Editorial Team - Tax and Scheme Research Desk","","","","Human review required: verify claims, source fit, examples, links, CTA, authorship, and visible body; then record approval in the CMS or source context."
"P3","/blog/ay-2026-27-influencer-brand-deal-income-tax-guide","blog","needs_revision","no","informational","Freelancers and owner-managed businesses using gross and net platform receipts, creator expense evidence, and TDS and GST reconciliation to cash and barter brand consideration before finalising the return.","influencer income tax AY 2026-27","cash and barter brand consideration | gross and net platform receipts | creator expense evidence | TDS and GST reconciliation | record what each brand actually provided. | Reconcile gross receipts, not just payouts. | Keep barter and affiliate records visible.","5","Income Tax Department - AY 2026-27 ITR utilities: https://www.incometax.gov.in/iec/foportal/downloads/income-tax-returns | Income Tax Department - Income Tax Returns FAQs: https://www.incometax.gov.in/iec/foportal/help/all-topics/e-filing-services/%20income%20tax%20returns-faq | Income Tax Department - Annual Information Statement: https://www.incometax.gov.in/iec/foportal/help/all-topics/e-filing-services/ais-annual-information-statement | Income Tax Department - Tax Credit Mismatch FAQs: https://www.incometax.gov.in/iec/foportal/node/11487 | GST Portal: https://www.gst.gov.in/","2026-05-27","MyeCA Editorial Team - Tax and Scheme Research Desk","","","","Human review required: verify claims, source fit, examples, links, CTA, authorship, and visible body; then record approval in the CMS or source context."
"P3","/blog/ay-2026-27-intraday-trading-income-itr-guide","blog","needs_revision","no","informational","Freelancers and owner-managed businesses using broker P&L, trade ledger, and expense records to separate speculative business income, expenses, turnover working, and loss disclosure before finalising the return.","intraday trading income ITR AY 2026-27","separate speculative business income, expenses, turnover working, and loss disclosure | broker P&L | trade ledger | expense records | Separate intraday from delivery and derivatives. | calculate turnover and preserve the method. | losses, expenses, and return timing.","5","Income Tax Department - AY 2026-27 ITR utilities: https://www.incometax.gov.in/iec/foportal/downloads/income-tax-returns | Income Tax Department - Income Tax Returns FAQs: https://www.incometax.gov.in/iec/foportal/help/all-topics/e-filing-services/%20income%20tax%20returns-faq | Income Tax Department - Annual Information Statement: https://www.incometax.gov.in/iec/foportal/help/all-topics/e-filing-services/ais-annual-information-statement | Income Tax Department - Tax Credit Mismatch FAQs: https://www.incometax.gov.in/iec/foportal/node/11487 | Income Tax Department - e-Verify Return FAQs: https://www.incometax.gov.in/iec/foportal/help/e-filing-e-verify-your-return-faq","2026-05-27","MyeCA Editorial Team - Tax and Scheme Research Desk","","","","Human review required: verify claims, source fit, examples, links, CTA, authorship, and visible body; then record approval in the CMS or source context."
"P3","/blog/ay-2026-27-job-change-two-form-16-itr-checklist","blog","needs_revision","no","informational","Employees who changed jobs preparing an AY 2026-27 return and reconciling both Form 16s, salary slips, and AIS and Form 26AS.","two Form 16 job change ITR AY 2026-27","combine salary from two employers and checking whether deductions or TDS are duplicated | both Form 16s | salary slips | AIS and Form 26AS | Both Form 16s and salary slips need a documented reconciliation. | AIS and Form 26AS should explain material differences before filing. | Keep the two Form 16 job change ITR working papers, corrections, and filing acknowledgement together.","5","Income Tax Department - AY 2026-27 ITR utilities: https://www.incometax.gov.in/iec/foportal/downloads/income-tax-returns | Income Tax Department - Income Tax Returns FAQs: https://www.incometax.gov.in/iec/foportal/help/all-topics/e-filing-services/%20income%20tax%20returns-faq | Income Tax Department - Salaried Individuals AY 2026-27: https://www.incometax.gov.in/iec/foportal/help/individual/return-applicable-1 | Income Tax Department - Annual Information Statement: https://www.incometax.gov.in/iec/foportal/help/all-topics/e-filing-services/ais-annual-information-statement | Income Tax Department - Tax Credit Mismatch FAQs: https://www.incometax.gov.in/iec/foportal/node/11487","2026-05-27","MyeCA Editorial Team - Tax and Scheme Research Desk","","","","Human review required: verify claims, source fit, examples, links, CTA, authorship, and visible body; then record approval in the CMS or source context."
"P3","/blog/ay-2026-27-landlord-rental-income-tds-itr-guide","blog","needs_revision","no","informational","Landlords earning rent preparing an AY 2026-27 return and reconciling rent agreement, tenant TDS certificate, and home loan certificate.","rental income TDS ITR AY 2026-27","match rent agreements, municipal taxes, loan interest, tenant TDS, and Form 26AS | rent agreement | tenant TDS certificate | home loan certificate | Rent agreement and tenant TDS certificate need a documented reconciliation. | Home loan certificate should explain material differences before filing. | Keep the rental income TDS ITR working papers, corrections, and filing acknowledgement together.","5","Income Tax Department - AY 2026-27 ITR utilities: https://www.incometax.gov.in/iec/foportal/downloads/income-tax-returns | Income Tax Department - Income Tax Returns FAQs: https://www.incometax.gov.in/iec/foportal/help/all-topics/e-filing-services/%20income%20tax%20returns-faq | Income Tax Department - Annual Information Statement: https://www.incometax.gov.in/iec/foportal/help/all-topics/e-filing-services/ais-annual-information-statement | Income Tax Department - Tax Credit Mismatch FAQs: https://www.incometax.gov.in/iec/foportal/node/11487 | Income Tax Department - e-Verify Return FAQs: https://www.incometax.gov.in/iec/foportal/help/e-filing-e-verify-your-return-faq","2026-05-27","MyeCA Editorial Team - Tax and Scheme Research Desk","","","","Human review required: verify claims, source fit, examples, links, CTA, authorship, and visible body; then record approval in the CMS or source context."
"P3","/blog/ay-2026-27-lawyer-legal-consultant-itr-guide","blog","needs_revision","no","informational","Lawyers and legal consultants preparing an AY 2026-27 return and reconciling Form 16A, client ledger, and bank statement.","lawyer consultant ITR AY 2026-27","match professional fees, TDS, expenses, and form selection before claiming refunds | Form 16A | client ledger | bank statement | Form 16A and client ledger need a documented reconciliation. | Bank statement should explain material differences before filing. | Keep the lawyer consultant ITR working papers, corrections, and filing acknowledgement together.","5","Income Tax Department - AY 2026-27 ITR utilities: https://www.incometax.gov.in/iec/foportal/downloads/income-tax-returns | Income Tax Department - Income Tax Returns FAQs: https://www.incometax.gov.in/iec/foportal/help/all-topics/e-filing-services/%20income%20tax%20returns-faq | Income Tax Department - Annual Information Statement: https://www.incometax.gov.in/iec/foportal/help/all-topics/e-filing-services/ais-annual-information-statement | Income Tax Department - Tax Credit Mismatch FAQs: https://www.incometax.gov.in/iec/foportal/node/11487 | GST Portal: https://www.gst.gov.in/","2026-05-27","MyeCA Editorial Team - Tax and Scheme Research Desk","","","","Human review required: verify claims, source fit, examples, links, CTA, authorship, and visible body; then record approval in the CMS or source context."
"P3","/blog/ay-2026-27-leave-encashment-retirement-tax-checklist","blog","needs_revision","no","informational","Individual taxpayers using retirement settlement, Form 16, and employer computation to check exemption support, employer computation, Form 16 reporting, and tax regime impact before reporting leave encashment tax ITR AY 2026-27.","leave encashment tax ITR AY 2026-27","check exemption support, employer computation, Form 16 reporting, and tax regime impact | retirement settlement | Form 16 | employer computation | isolate the leave-encashment component. | determine which exemption conditions apply. | Reconcile Form 16, TDS, and the bank credit.","5","Income Tax Department - AY 2026-27 ITR utilities: https://www.incometax.gov.in/iec/foportal/downloads/income-tax-returns | Income Tax Department - Income Tax Returns FAQs: https://www.incometax.gov.in/iec/foportal/help/all-topics/e-filing-services/%20income%20tax%20returns-faq | Income Tax Department - Salaried Individuals AY 2026-27: https://www.incometax.gov.in/iec/foportal/help/individual/return-applicable-1 | Income Tax Department - Annual Information Statement: https://www.incometax.gov.in/iec/foportal/help/all-topics/e-filing-services/ais-annual-information-statement | Income Tax Department - Tax Credit Mismatch FAQs: https://www.incometax.gov.in/iec/foportal/node/11487","2026-05-27","MyeCA Editorial Team - Tax and Scheme Research Desk","","","","Human review required: verify claims, source fit, examples, links, CTA, authorship, and visible body; then record approval in the CMS or source context."
"P3","/blog/ay-2026-27-medical-disability-deduction-family-checklist","blog","needs_revision","no","informational","Families claiming medical or disability deductions preparing an AY 2026-27 return and reconciling medical certificate, prescription records, and payment proof.","medical disability deduction ITR AY 2026-27","keep certificates, medical proof, dependant details, and conservative deduction support | medical certificate | prescription records | payment proof | Medical certificate and prescription records need a documented reconciliation. | Payment proof should explain material differences before filing. | Keep the medical disability deduction ITR working papers, corrections, and filing acknowledgement together.","5","Income Tax Department - AY 2026-27 ITR utilities: https://www.incometax.gov.in/iec/foportal/downloads/income-tax-returns | Income Tax Department - Income Tax Returns FAQs: https://www.incometax.gov.in/iec/foportal/help/all-topics/e-filing-services/%20income%20tax%20returns-faq | Income Tax Department - Annual Information Statement: https://www.incometax.gov.in/iec/foportal/help/all-topics/e-filing-services/ais-annual-information-statement | Income Tax Department - Tax Credit Mismatch FAQs: https://www.incometax.gov.in/iec/foportal/node/11487 | Income Tax Department - e-Verify Return FAQs: https://www.incometax.gov.in/iec/foportal/help/e-filing-e-verify-your-return-faq","2026-05-27","MyeCA Editorial Team - Tax and Scheme Research Desk","","","","Human review required: verify claims, source fit, examples, links, CTA, authorship, and visible body; then record approval in the CMS or source context."
"P3","/blog/ay-2026-27-minor-child-income-clubbing-checklist","blog","needs_revision","no","informational","Parents handling minor child income preparing an AY 2026-27 return and reconciling child bank statement, investment statement, and parent Form 16.","minor child income clubbing AY 2026-27","check clubbing, bank interest, investments, exemptions, and disclosure trail | child bank statement | investment statement | parent Form 16 | Child bank statement and investment statement need a documented reconciliation. | Parent Form 16 should explain material differences before filing. | Keep the minor child income clubbing working papers, corrections, and filing acknowledgement together.","5","Income Tax Department - AY 2026-27 ITR utilities: https://www.incometax.gov.in/iec/foportal/downloads/income-tax-returns | Income Tax Department - Income Tax Returns FAQs: https://www.incometax.gov.in/iec/foportal/help/all-topics/e-filing-services/%20income%20tax%20returns-faq | Income Tax Department - Annual Information Statement: https://www.incometax.gov.in/iec/foportal/help/all-topics/e-filing-services/ais-annual-information-statement | Income Tax Department - Tax Credit Mismatch FAQs: https://www.incometax.gov.in/iec/foportal/node/11487 | Income Tax Department - e-Verify Return FAQs: https://www.incometax.gov.in/iec/foportal/help/e-filing-e-verify-your-return-faq","2026-05-27","MyeCA Editorial Team - Tax and Scheme Research Desk","","","","Human review required: verify claims, source fit, examples, links, CTA, authorship, and visible body; then record approval in the CMS or source context."
"P3","/blog/ay-2026-27-mutual-fund-sip-capital-gains-itr-guide","blog","needs_revision","no","informational","Investors and traders calculating and reporting mutual fund capital gains ITR AY 2026-27 from broker, sale, and cost records.","mutual fund capital gains ITR AY 2026-27","match redemption statements, holding period, tax statements, and ITR form choice | AMC statement | capital gains report | AIS | Separate investment activity from taxable disposals. | Identify the fund category and transaction date. | rebuild the gain lot by lot.","5","Income Tax Department - AY 2026-27 ITR utilities: https://www.incometax.gov.in/iec/foportal/downloads/income-tax-returns | Income Tax Department - Income Tax Returns FAQs: https://www.incometax.gov.in/iec/foportal/help/all-topics/e-filing-services/%20income%20tax%20returns-faq | Income Tax Department - Annual Information Statement: https://www.incometax.gov.in/iec/foportal/help/all-topics/e-filing-services/ais-annual-information-statement | Income Tax Department - Tax Credit Mismatch FAQs: https://www.incometax.gov.in/iec/foportal/node/11487 | Income Tax Department - e-Verify Return FAQs: https://www.incometax.gov.in/iec/foportal/help/e-filing-e-verify-your-return-faq","2026-05-27","MyeCA Editorial Team - Tax and Scheme Research Desk","","","","Human review required: verify claims, source fit, examples, links, CTA, authorship, and visible body; then record approval in the CMS or source context."
"P3","/blog/ay-2026-27-nps-80ccd1b-deduction-checklist","blog","needs_revision","no","informational","NPS contributors preparing an AY 2026-27 return and reconciling NPS transaction statement, Form 16, and PRAN details.","NPS 80CCD(1B) deduction AY 2026-27","check NPS contribution evidence, tax-regime fit, employer contribution, and deduction limits | NPS transaction statement | Form 16 | PRAN details | NPS transaction statement and Form 16 need a documented reconciliation. | PRAN details should explain material differences before filing. | Keep the NPS 80CCD(1B) deduction working papers, corrections, and filing acknowledgement together.","5","Income Tax Department - AY 2026-27 ITR utilities: https://www.incometax.gov.in/iec/foportal/downloads/income-tax-returns | Income Tax Department - Income Tax Returns FAQs: https://www.incometax.gov.in/iec/foportal/help/all-topics/e-filing-services/%20income%20tax%20returns-faq | Income Tax Department - Salaried Individuals AY 2026-27: https://www.incometax.gov.in/iec/foportal/help/individual/return-applicable-1 | Income Tax Department - Annual Information Statement: https://www.incometax.gov.in/iec/foportal/help/all-topics/e-filing-services/ais-annual-information-statement | Income Tax Department - Tax Credit Mismatch FAQs: https://www.incometax.gov.in/iec/foportal/node/11487","2026-05-27","MyeCA Editorial Team - Tax and Scheme Research Desk","","","","Human review required: verify claims, source fit, examples, links, CTA, authorship, and visible body; then record approval in the CMS or source context."
"P3","/blog/ay-2026-27-nri-india-rent-tds-itr-guide","blog","needs_revision","no","informational","Residents, NRIs, and RNOR taxpayers using rent agreement, TDS certificate, and NRO bank statement to report Indian rent, tenant TDS, bank credits, DTAA notes, and refund claims for NRI rental income ITR AY 2026-27.","NRI rental income ITR AY 2026-27","report Indian rent, tenant TDS, bank credits, DTAA notes, and refund claims | rent agreement | TDS certificate | NRO bank statement | Confirm the property and ownership facts. | Match tenant deduction with the rent ledger. | compute house-property income from the right records.","5","Income Tax Department - AY 2026-27 ITR utilities: https://www.incometax.gov.in/iec/foportal/downloads/income-tax-returns | Income Tax Department - Income Tax Returns FAQs: https://www.incometax.gov.in/iec/foportal/help/all-topics/e-filing-services/%20income%20tax%20returns-faq | Income Tax Department - Annual Information Statement: https://www.incometax.gov.in/iec/foportal/help/all-topics/e-filing-services/ais-annual-information-statement | Income Tax Department - Tax Credit Mismatch FAQs: https://www.incometax.gov.in/iec/foportal/node/11487 | Income Tax Department - e-Verify Return FAQs: https://www.incometax.gov.in/iec/foportal/help/e-filing-e-verify-your-return-faq","2026-05-27","MyeCA Editorial Team - Tax and Scheme Research Desk","","","","Human review required: verify claims, source fit, examples, links, CTA, authorship, and visible body; then record approval in the CMS or source context."
"P3","/blog/ay-2026-27-overseas-remittance-tcs-itr-checklist","blog","needs_revision","no","informational","Users making overseas remittances preparing an AY 2026-27 return and reconciling bank remittance advice, TCS certificate, and Form 26AS.","overseas remittance TCS ITR AY 2026-27","check TCS credit, remittance purpose, bank records, and refund impact | bank remittance advice | TCS certificate | Form 26AS | Bank remittance advice and TCS certificate need a documented reconciliation. | Form 26AS should explain material differences before filing. | Keep the remittance tax-credit review working papers, corrections, and filing acknowledgement together.","5","Income Tax Department - AY 2026-27 ITR utilities: https://www.incometax.gov.in/iec/foportal/downloads/income-tax-returns | Income Tax Department - Income Tax Returns FAQs: https://www.incometax.gov.in/iec/foportal/help/all-topics/e-filing-services/%20income%20tax%20returns-faq | Income Tax Department - Annual Information Statement: https://www.incometax.gov.in/iec/foportal/help/all-topics/e-filing-services/ais-annual-information-statement | Income Tax Department - Tax Credit Mismatch FAQs: https://www.incometax.gov.in/iec/foportal/node/11487 | Income Tax Department - e-Verify Return FAQs: https://www.incometax.gov.in/iec/foportal/help/e-filing-e-verify-your-return-faq","2026-05-27","MyeCA Editorial Team - Tax and Scheme Research Desk","","","","Human review required: verify claims, source fit, examples, links, CTA, authorship, and visible body; then record approval in the CMS or source context."
"P3","/blog/ay-2026-27-partner-remuneration-interest-itr-guide","blog","needs_revision","no","informational","Freelancers and owner-managed businesses using firm computation, capital account, and bank statement to match firm K-1 style records, remuneration, interest, capital account, and form selection before finalising the return.","partner remuneration interest ITR AY 2026-27","match firm K-1 style records, remuneration, interest, capital account, and form selection | firm computation | capital account | bank statement | read the deed before the ledger. | Reconcile each amount reported by the firm. | TDS without using it as the classification.","5","Income Tax Department - AY 2026-27 ITR utilities: https://www.incometax.gov.in/iec/foportal/downloads/income-tax-returns | Income Tax Department - Income Tax Returns FAQs: https://www.incometax.gov.in/iec/foportal/help/all-topics/e-filing-services/%20income%20tax%20returns-faq | Income Tax Department - Annual Information Statement: https://www.incometax.gov.in/iec/foportal/help/all-topics/e-filing-services/ais-annual-information-statement | Income Tax Department - Tax Credit Mismatch FAQs: https://www.incometax.gov.in/iec/foportal/node/11487 | Income Tax Department - e-Verify Return FAQs: https://www.incometax.gov.in/iec/foportal/help/e-filing-e-verify-your-return-faq","2026-05-27","MyeCA Editorial Team - Tax and Scheme Research Desk","","","","Human review required: verify claims, source fit, examples, links, CTA, authorship, and visible body; then record approval in the CMS or source context."
"P3","/blog/ay-2026-27-pensioner-family-pension-itr-guide","blog","needs_revision","no","informational","Pensioners and family-pension recipients preparing an AY 2026-27 return and reconciling pension certificate, Form 16 from pension payer, and bank interest certificate.","pensioner ITR AY 2026-27","report pension, family pension, bank interest, deductions, and refund details conservatively | pension certificate | Form 16 from pension payer | bank interest certificate | Pension certificate and Form 16 from pension payer need a documented reconciliation. | Bank interest certificate should explain material differences before filing. | Keep the pensioner ITR working papers, corrections, and filing acknowledgement together.","5","Income Tax Department - AY 2026-27 ITR utilities: https://www.incometax.gov.in/iec/foportal/downloads/income-tax-returns | Income Tax Department - Income Tax Returns FAQs: https://www.incometax.gov.in/iec/foportal/help/all-topics/e-filing-services/%20income%20tax%20returns-faq | Income Tax Department - Salaried Individuals AY 2026-27: https://www.incometax.gov.in/iec/foportal/help/individual/return-applicable-1 | Income Tax Department - Annual Information Statement: https://www.incometax.gov.in/iec/foportal/help/all-topics/e-filing-services/ais-annual-information-statement | Income Tax Department - Tax Credit Mismatch FAQs: https://www.incometax.gov.in/iec/foportal/node/11487","2026-05-27","MyeCA Editorial Team - Tax and Scheme Research Desk","","","","Human review required: verify claims, source fit, examples, links, CTA, authorship, and visible body; then record approval in the CMS or source context."
"P3","/blog/ay-2026-27-representative-filing-deceased-taxpayer-checklist","blog","needs_revision","no","informational","Legal heirs and representatives preparing an AY 2026-27 return and reconciling death certificate, legal heir proof, and income records.","representative filing deceased taxpayer AY 2026-27","organise registration, income records, refund bank details, and evidence before filing | death certificate | legal heir proof | income records | Death certificate and legal heir proof need a documented reconciliation. | Income records should explain material differences before filing. | Keep the representative filing deceased taxpayer working papers, corrections, and filing acknowledgement together.","5","Income Tax Department - AY 2026-27 ITR utilities: https://www.incometax.gov.in/iec/foportal/downloads/income-tax-returns | Income Tax Department - Income Tax Returns FAQs: https://www.incometax.gov.in/iec/foportal/help/all-topics/e-filing-services/%20income%20tax%20returns-faq | Income Tax Department - Annual Information Statement: https://www.incometax.gov.in/iec/foportal/help/all-topics/e-filing-services/ais-annual-information-statement | Income Tax Department - Tax Credit Mismatch FAQs: https://www.incometax.gov.in/iec/foportal/node/11487 | Income Tax Department - e-Verify Return FAQs: https://www.incometax.gov.in/iec/foportal/help/e-filing-e-verify-your-return-faq","2026-05-27","MyeCA Editorial Team - Tax and Scheme Research Desk","","","","Human review required: verify claims, source fit, examples, links, CTA, authorship, and visible body; then record approval in the CMS or source context."
"P3","/blog/ay-2026-27-resident-foreign-asset-disclosure-checklist","blog","needs_revision","no","informational","Resident taxpayers with foreign assets preparing an AY 2026-27 return and reconciling foreign account statement, broker report, and Form 67 records.","foreign asset disclosure AY 2026-27","check Schedule FA, foreign income, tax credit, and records for overseas accounts or shares | foreign account statement | broker report | Form 67 records | Foreign account statement and broker report need a documented reconciliation. | Form 67 records should explain material differences before filing. | Keep the foreign asset disclosure working papers, corrections, and filing acknowledgement together.","5","Income Tax Department - AY 2026-27 ITR utilities: https://www.incometax.gov.in/iec/foportal/downloads/income-tax-returns | Income Tax Department - Income Tax Returns FAQs: https://www.incometax.gov.in/iec/foportal/help/all-topics/e-filing-services/%20income%20tax%20returns-faq | Income Tax Department - Annual Information Statement: https://www.incometax.gov.in/iec/foportal/help/all-topics/e-filing-services/ais-annual-information-statement | Income Tax Department - Tax Credit Mismatch FAQs: https://www.incometax.gov.in/iec/foportal/node/11487 | Income Tax Department - e-Verify Return FAQs: https://www.incometax.gov.in/iec/foportal/help/e-filing-e-verify-your-return-faq","2026-05-27","MyeCA Editorial Team - Tax and Scheme Research Desk","","","","Human review required: verify claims, source fit, examples, links, CTA, authorship, and visible body; then record approval in the CMS or source context."
"P3","/blog/ay-2026-27-return-under-1961-act-vs-tax-year-2026-27-under-2025-act","blog","needs_revision","no","informational","Taxpayers comparing an AY 2026-27 return under the 1961 Act with the Tax Year 2026-27 framework under the 2025 Act.","AY 2026-27 under 1961 Act vs 2025 Act","AY 2026-27 relates to income earned in FY 2025-26. | Tax Year 2026-27 starts on 1 April 2026 under the new Act framework. | Mixing both periods can cause wrong-form, wrong-payment, and wrong-notice assumptions.","3","Income Tax Department - New Act transition FAQs: https://www.incometax.gov.in/iec/foportal/help/all-topics/e-filing-services/objective-and-scope-new-act-faq | Income Tax Department - Income-tax Act, 2025 PDF: https://www.incometaxindia.gov.in/documents/d/guest/income_tax_act_2025_as_amended_by_fa_act_2026-pdf | Income Tax Department - Forms under the 2025 Act: https://www.incometax.gov.in/iec/foportal/help/all-topics/e-filing-services/income-tax-forms","2026-05-27","MyeCA Editorial Team - New Income Tax Law Desk","","","","Human review required: verify claims, source fit, examples, links, CTA, authorship, and visible body; then record approval in the CMS or source context."
"P3","/blog/ay-2026-27-rnor-foreign-income-review-guide","blog","needs_revision","no","informational","RNOR taxpayers preparing an AY 2026-27 return and reconciling travel calendar, foreign income statement, and Indian bank records.","RNOR foreign income ITR AY 2026-27","check residential status, foreign income scope, India income, and disclosure support | travel calendar | foreign income statement | Indian bank records | Travel calendar and foreign income statement need a documented reconciliation. | Indian bank records should explain material differences before filing. | Keep the RNOR foreign income ITR working papers, corrections, and filing acknowledgement together.","5","Income Tax Department - AY 2026-27 ITR utilities: https://www.incometax.gov.in/iec/foportal/downloads/income-tax-returns | Income Tax Department - Income Tax Returns FAQs: https://www.incometax.gov.in/iec/foportal/help/all-topics/e-filing-services/%20income%20tax%20returns-faq | Income Tax Department - Annual Information Statement: https://www.incometax.gov.in/iec/foportal/help/all-topics/e-filing-services/ais-annual-information-statement | Income Tax Department - Tax Credit Mismatch FAQs: https://www.incometax.gov.in/iec/foportal/node/11487 | Income Tax Department - e-Verify Return FAQs: https://www.incometax.gov.in/iec/foportal/help/e-filing-e-verify-your-return-faq","2026-05-27","MyeCA Editorial Team - Tax and Scheme Research Desk","","","","Human review required: verify claims, source fit, examples, links, CTA, authorship, and visible body; then record approval in the CMS or source context."
"P3","/blog/ay-2026-27-salary-rsu-esop-itr-guide","blog","needs_revision","no","informational","Residents, NRIs, and RNOR taxpayers using Form 16, broker statement, and vesting statement to separate perquisite salary reporting, capital gains, foreign asset disclosure, and tax-credit records for RSU ESOP ITR AY 2026-27.","RSU ESOP ITR AY 2026-27","separate perquisite salary reporting, capital gains, foreign asset disclosure, and tax-credit records | Form 16 | broker statement | vesting statement | split every award into grant, vest, exercise, and sale events. | Check foreign-asset and foreign-income schedules. | Reconcile payroll and broker values.","5","Income Tax Department - AY 2026-27 ITR utilities: https://www.incometax.gov.in/iec/foportal/downloads/income-tax-returns | Income Tax Department - Income Tax Returns FAQs: https://www.incometax.gov.in/iec/foportal/help/all-topics/e-filing-services/%20income%20tax%20returns-faq | Income Tax Department - Annual Information Statement: https://www.incometax.gov.in/iec/foportal/help/all-topics/e-filing-services/ais-annual-information-statement | Income Tax Department - Tax Credit Mismatch FAQs: https://www.incometax.gov.in/iec/foportal/node/11487 | Income Tax Department - e-Verify Return FAQs: https://www.incometax.gov.in/iec/foportal/help/e-filing-e-verify-your-return-faq","2026-05-27","MyeCA Editorial Team - Tax and Scheme Research Desk","","","","Human review required: verify claims, source fit, examples, links, CTA, authorship, and visible body; then record approval in the CMS or source context."
"P3","/blog/ay-2026-27-salary-without-tds-itr-guide","blog","needs_revision","no","informational","Employees whose employer did not deduct TDS preparing an AY 2026-27 return and reconciling salary slips, bank credits, and employment letter.","salary without TDS ITR AY 2026-27","compute salary income, checking advance tax or self-assessment tax, and preserving employer proof | salary slips | bank credits | employment letter | Salary slips and bank credits need a documented reconciliation. | Employment letter should explain material differences before filing. | Keep the salary without TDS ITR working papers, corrections, and filing acknowledgement together.","5","Income Tax Department - AY 2026-27 ITR utilities: https://www.incometax.gov.in/iec/foportal/downloads/income-tax-returns | Income Tax Department - Income Tax Returns FAQs: https://www.incometax.gov.in/iec/foportal/help/all-topics/e-filing-services/%20income%20tax%20returns-faq | Income Tax Department - Salaried Individuals AY 2026-27: https://www.incometax.gov.in/iec/foportal/help/individual/return-applicable-1 | Income Tax Department - Annual Information Statement: https://www.incometax.gov.in/iec/foportal/help/all-topics/e-filing-services/ais-annual-information-statement | Income Tax Department - Tax Credit Mismatch FAQs: https://www.incometax.gov.in/iec/foportal/node/11487","2026-05-27","MyeCA Editorial Team - Tax and Scheme Research Desk","","","","Human review required: verify claims, source fit, examples, links, CTA, authorship, and visible body; then record approval in the CMS or source context."
"P3","/blog/ay-2026-27-self-occupied-home-loan-interest-checklist","blog","needs_revision","no","informational","Home loan borrowers preparing an AY 2026-27 return and reconciling loan interest certificate, property ownership proof, and Form 16.","home loan interest ITR AY 2026-27","check interest certificate, ownership share, possession status, and old-regime use | loan interest certificate | property ownership proof | Form 16 | Loan interest certificate and property ownership proof need a documented reconciliation. | Form 16 should explain material differences before filing. | Keep the self-occupied property interest claim working papers, corrections, and filing acknowledgement together.","5","Income Tax Department - AY 2026-27 ITR utilities: https://www.incometax.gov.in/iec/foportal/downloads/income-tax-returns | Income Tax Department - Income Tax Returns FAQs: https://www.incometax.gov.in/iec/foportal/help/all-topics/e-filing-services/%20income%20tax%20returns-faq | Income Tax Department - Salaried Individuals AY 2026-27: https://www.incometax.gov.in/iec/foportal/help/individual/return-applicable-1 | Income Tax Department - Annual Information Statement: https://www.incometax.gov.in/iec/foportal/help/all-topics/e-filing-services/ais-annual-information-statement | Income Tax Department - Tax Credit Mismatch FAQs: https://www.incometax.gov.in/iec/foportal/node/11487","2026-05-27","MyeCA Editorial Team - Tax and Scheme Research Desk","","","","Human review required: verify claims, source fit, examples, links, CTA, authorship, and visible body; then record approval in the CMS or source context."
"P3","/blog/ay-2026-27-senior-citizen-bank-interest-tds-itr","blog","needs_revision","no","informational","Senior citizens with bank deposits preparing an AY 2026-27 return and reconciling interest certificates, Form 16A, and AIS.","senior citizen bank interest TDS ITR AY 2026-27","match FD interest, savings interest, TDS credits, and refund-bank validation | interest certificates | Form 16A | AIS | Interest certificates and Form 16A need a documented reconciliation. | AIS should explain material differences before filing. | Keep the senior citizen bank interest TDS ITR working papers, corrections, and filing acknowledgement together.","5","Income Tax Department - AY 2026-27 ITR utilities: https://www.incometax.gov.in/iec/foportal/downloads/income-tax-returns | Income Tax Department - Income Tax Returns FAQs: https://www.incometax.gov.in/iec/foportal/help/all-topics/e-filing-services/%20income%20tax%20returns-faq | Income Tax Department - Annual Information Statement: https://www.incometax.gov.in/iec/foportal/help/all-topics/e-filing-services/ais-annual-information-statement | Income Tax Department - Tax Credit Mismatch FAQs: https://www.incometax.gov.in/iec/foportal/node/11487 | Income Tax Department - e-Verify Return FAQs: https://www.incometax.gov.in/iec/foportal/help/e-filing-e-verify-your-return-faq","2026-05-27","MyeCA Editorial Team - Tax and Scheme Research Desk","","","","Human review required: verify claims, source fit, examples, links, CTA, authorship, and visible body; then record approval in the CMS or source context."
"P3","/blog/ay-2026-27-small-shop-44ad-presumptive-itr-guide","blog","needs_revision","no","informational","Small shop owners preparing an AY 2026-27 return and reconciling sales summary, bank statement, and GST records if any.","44AD small shop ITR AY 2026-27","check presumptive tax eligibility, turnover, bank records, GST linkage, and ITR-4 fit | sales summary | bank statement | GST records if any | Sales summary and bank statement need a documented reconciliation. | GST records if any should explain material differences before filing. | Keep the 44AD small shop ITR working papers, corrections, and filing acknowledgement together.","5","Income Tax Department - AY 2026-27 ITR utilities: https://www.incometax.gov.in/iec/foportal/downloads/income-tax-returns | Income Tax Department - Income Tax Returns FAQs: https://www.incometax.gov.in/iec/foportal/help/all-topics/e-filing-services/%20income%20tax%20returns-faq | Income Tax Department - Annual Information Statement: https://www.incometax.gov.in/iec/foportal/help/all-topics/e-filing-services/ais-annual-information-statement | Income Tax Department - Tax Credit Mismatch FAQs: https://www.incometax.gov.in/iec/foportal/node/11487 | GST Portal: https://www.gst.gov.in/","2026-05-27","MyeCA Editorial Team - Tax and Scheme Research Desk","","","","Human review required: verify claims, source fit, examples, links, CTA, authorship, and visible body; then record approval in the CMS or source context."
"P3","/blog/ay-2026-27-spouse-income-clubbing-checklist","blog","needs_revision","no","informational","Families with transfers between spouses preparing an AY 2026-27 return and reconciling gift or transfer records, bank statement, and investment statement.","spouse income clubbing AY 2026-27","review asset transfers, interest, rent, investments, and clubbing risk before filing | gift or transfer records | bank statement | investment statement | Gift or transfer records and bank statement need a documented reconciliation. | Investment statement should explain material differences before filing. | Keep the spouse income clubbing working papers, corrections, and filing acknowledgement together.","5","Income Tax Department - AY 2026-27 ITR utilities: https://www.incometax.gov.in/iec/foportal/downloads/income-tax-returns | Income Tax Department - Income Tax Returns FAQs: https://www.incometax.gov.in/iec/foportal/help/all-topics/e-filing-services/%20income%20tax%20returns-faq | Income Tax Department - Annual Information Statement: https://www.incometax.gov.in/iec/foportal/help/all-topics/e-filing-services/ais-annual-information-statement | Income Tax Department - Tax Credit Mismatch FAQs: https://www.incometax.gov.in/iec/foportal/node/11487 | Income Tax Department - e-Verify Return FAQs: https://www.incometax.gov.in/iec/foportal/help/e-filing-e-verify-your-return-faq","2026-05-27","MyeCA Editorial Team - Tax and Scheme Research Desk","","","","Human review required: verify claims, source fit, examples, links, CTA, authorship, and visible body; then record approval in the CMS or source context."
"P3","/blog/ay-2026-27-startup-founder-salary-dividend-itr-guide","blog","needs_revision","no","informational","Startup founders preparing an AY 2026-27 return and reconciling Form 16, dividend statement, and board or payroll records.","startup founder salary dividend ITR AY 2026-27","separate salary, dividends, director fees, capital gains, and business reimbursements | Form 16 | dividend statement | board or payroll records | Form 16 and dividend statement need a documented reconciliation. | Board or payroll records should explain material differences before filing. | Keep the startup founder salary dividend ITR working papers, corrections, and filing acknowledgement together.","5","Income Tax Department - AY 2026-27 ITR utilities: https://www.incometax.gov.in/iec/foportal/downloads/income-tax-returns | Income Tax Department - Income Tax Returns FAQs: https://www.incometax.gov.in/iec/foportal/help/all-topics/e-filing-services/%20income%20tax%20returns-faq | Income Tax Department - Annual Information Statement: https://www.incometax.gov.in/iec/foportal/help/all-topics/e-filing-services/ais-annual-information-statement | Income Tax Department - Tax Credit Mismatch FAQs: https://www.incometax.gov.in/iec/foportal/node/11487 | Income Tax Department - e-Verify Return FAQs: https://www.incometax.gov.in/iec/foportal/help/e-filing-e-verify-your-return-faq","2026-05-27","MyeCA Editorial Team - Tax and Scheme Research Desk","","","","Human review required: verify claims, source fit, examples, links, CTA, authorship, and visible body; then record approval in the CMS or source context."
"P3","/blog/ay-2026-27-stock-investor-ltcg-stcg-itr-guide","blog","needs_revision","no","informational","Investors and traders calculating and reporting stock investor LTCG STCG ITR AY 2026-27 from broker, sale, and cost records.","stock investor LTCG STCG ITR AY 2026-27","classify delivery trades, gains, losses, AIS securities data, and broker reports | broker capital gains report | AIS | Form 26AS | Separate delivery investments from trading activity. | Reconcile the broker records. | holding period and special-rate treatment.","5","Income Tax Department - AY 2026-27 ITR utilities: https://www.incometax.gov.in/iec/foportal/downloads/income-tax-returns | Income Tax Department - Income Tax Returns FAQs: https://www.incometax.gov.in/iec/foportal/help/all-topics/e-filing-services/%20income%20tax%20returns-faq | Income Tax Department - Annual Information Statement: https://www.incometax.gov.in/iec/foportal/help/all-topics/e-filing-services/ais-annual-information-statement | Income Tax Department - Tax Credit Mismatch FAQs: https://www.incometax.gov.in/iec/foportal/node/11487 | Income Tax Department - e-Verify Return FAQs: https://www.incometax.gov.in/iec/foportal/help/e-filing-e-verify-your-return-faq","2026-05-27","MyeCA Editorial Team - Tax and Scheme Research Desk","","","","Human review required: verify claims, source fit, examples, links, CTA, authorship, and visible body; then record approval in the CMS or source context."
"P3","/blog/ay-2026-27-teacher-tuition-income-itr-guide","blog","needs_revision","no","informational","Freelancers and owner-managed businesses using Form 16, tuition receipts, and bank statement to decide whether private tuition is other income or professional receipts and preserving payment proof before finalising the return.","tuition income ITR AY 2026-27","decide whether private tuition is other income or professional receipts and preserving payment proof | Form 16 | tuition receipts | bank statement | Separate employment salary from independent tuition. | Build a tuition-income ledger. | claim only expenses connected to the tuition activity.","5","Income Tax Department - AY 2026-27 ITR utilities: https://www.incometax.gov.in/iec/foportal/downloads/income-tax-returns | Income Tax Department - Income Tax Returns FAQs: https://www.incometax.gov.in/iec/foportal/help/all-topics/e-filing-services/%20income%20tax%20returns-faq | Income Tax Department - Annual Information Statement: https://www.incometax.gov.in/iec/foportal/help/all-topics/e-filing-services/ais-annual-information-statement | Income Tax Department - Tax Credit Mismatch FAQs: https://www.incometax.gov.in/iec/foportal/node/11487 | Income Tax Department - e-Verify Return FAQs: https://www.incometax.gov.in/iec/foportal/help/e-filing-e-verify-your-return-faq","2026-05-27","MyeCA Editorial Team - Tax and Scheme Research Desk","","","","Human review required: verify claims, source fit, examples, links, CTA, authorship, and visible body; then record approval in the CMS or source context."
"P3","/blog/ay-2026-27-vs-tax-year-2026-27","blog","needs_revision","no","informational","Taxpayers filing FY 2025-26 income while also managing payments, payroll, or records dated from April 2026 onward.","AY 2026-27","AY 2026-27 is for FY 2025-26 income. | Tax Year 2026-27 is different. | Transition FAQs prevent wrong-year filing mistakes.","5","Income Tax Department - Income Tax Returns FAQs: https://www.incometax.gov.in/iec/foportal/help/all-topics/e-filing-services/%20income%20tax%20returns-faq | Income Tax Department - Salaried Individuals AY 2026-27: https://www.incometax.gov.in/iec/foportal/help/individual/return-applicable-1 | Income Tax Department - Income Tax Act 2025 Transition FAQs: https://www.incometax.gov.in/iec/foportal/help/all-topics/e-filing-services/objective-and-scope-new-act-faq | Income Tax Department - AIS Guidance: https://www.incometax.gov.in/iec/foportal/help/all-topics/e-filing-services/ais-annual-information-statement | Income Tax Department - AIS and Form 26AS FAQs: https://www.incometax.gov.in/iec/foportal/sites/default/files/2022-07/Click%20Here_1.pdf","2026-05-05","MyeCA Editorial Team - ITR Filing Desk","","","","Human review required: verify claims, source fit, examples, links, CTA, authorship, and visible body; then record approval in the CMS or source context."
"P3","/blog/ay-2026-27-youtube-creator-income-itr-guide","blog","needs_revision","no","informational","YouTubers and online creators preparing an AY 2026-27 return and reconciling platform statements, brand invoices, and bank FIRC records if any.","YouTube creator income ITR AY 2026-27","report platform income, sponsorships, expenses, foreign remittances, and TDS credits | platform statements | brand invoices | bank FIRC records if any | Platform statements and brand invoices need a documented reconciliation. | Bank FIRC records if any should explain material differences before filing. | Keep the YouTube creator income ITR working papers, corrections, and filing acknowledgement together.","5","Income Tax Department - AY 2026-27 ITR utilities: https://www.incometax.gov.in/iec/foportal/downloads/income-tax-returns | Income Tax Department - Income Tax Returns FAQs: https://www.incometax.gov.in/iec/foportal/help/all-topics/e-filing-services/%20income%20tax%20returns-faq | Income Tax Department - Annual Information Statement: https://www.incometax.gov.in/iec/foportal/help/all-topics/e-filing-services/ais-annual-information-statement | Income Tax Department - Tax Credit Mismatch FAQs: https://www.incometax.gov.in/iec/foportal/node/11487 | GST Portal: https://www.gst.gov.in/","2026-05-27","MyeCA Editorial Team - Tax and Scheme Research Desk","","","","Human review required: verify claims, source fit, examples, links, CTA, authorship, and visible body; then record approval in the CMS or source context."
"P3","/blog/bank-interest-fd-tds-ais-itr-ay-2026-27","blog","needs_revision","no","informational","Individual taxpayers using Form 16A and Form 26AS should match and AIS may show interest not visible in salary records to Interest income must be reported even when TDS is deducted before reporting bank interest FD TDS ITR.","bank interest FD TDS ITR","Interest income must be reported even when TDS is deducted. | Form 16A and Form 26AS should match. | AIS may show interest not visible in salary records.","2","Income Tax Department - Tax Credit Mismatch FAQs: https://www.incometax.gov.in/iec/foportal/node/11487 | Income Tax Department - AIS FAQ: https://www.incometax.gov.in/iec/foportal/ais-faq","2026-05-27","MyeCA Editorial Team - ITR Filing Desk","","","","Human review required: verify claims, source fit, examples, links, CTA, authorship, and visible body; then record approval in the CMS or source context."
"P3","/blog/bookkeeping-starter-monthly-accounts-compliance-checklist","blog","needs_revision","no","informational","Indian taxpayers or business owners resolving monthly bookkeeping from current rules and source records.","monthly bookkeeping","Bookkeeping should start when transactions begin. | Monthly reconciliation prevents year-end reconstruction. | MIS notes help connect accounts to business decisions.","2","MCA Portal: https://www.mca.gov.in/ | GST Portal: https://www.gst.gov.in/","2026-05-27","MyeCA Editorial Team - Accounting Workflow Desk","","","","Human review required: verify claims, source fit, examples, links, CTA, authorship, and visible body; then record approval in the CMS or source context."
"P3","/blog/business-audit-assurance-readiness-checklist","blog","needs_revision","no","informational","Founders, finance teams, and accountants preparing reconciled books and records for a business audit.","business audit readiness","Audit readiness starts with reconciled books and bank records. | Query trackers should separate resolved and unresolved items. | Final reports and working evidence should be archived after review.","2","MCA Portal: https://www.mca.gov.in/ | GST Portal: https://www.gst.gov.in/","2026-05-27","MyeCA Editorial Team - Audit Readiness Desk","","","","Human review required: verify claims, source fit, examples, links, CTA, authorship, and visible body; then record approval in the CMS or source context."
"P3","/blog/business-document-vault-registrations-certificates-renewals","blog","needs_revision","no","informational","Indian taxpayers or business owners resolving business document vault from current rules and source records.","business document vault","Store certificates with application and renewal evidence. | Track expiry dates, responsible persons, and login custody. | Use the vault before audits, funding, and onboarding requests.","3","GST Portal: https://www.gst.gov.in/ | FoSCoS Portal: https://foscos.fssai.gov.in/?hl=en-IN | MCA Portal: https://www.mca.gov.in/","2026-05-27","MyeCA Editorial Team - Document Workflow Desk","","","","Human review required: verify claims, source fit, examples, links, CTA, authorship, and visible body; then record approval in the CMS or source context."
"P3","/blog/calculate-foreign-asset-values-sbi-tt-buying-rate","blog","needs_revision","no","informational","Residents, NRIs, and RNOR taxpayers using Peak and closing values may differ and Preserve every calculation to Foreign valuation is date-specific for SBI TT buying rate.","SBI TT buying rate","Foreign valuation is date-specific. | Peak and closing values may differ. | Preserve every calculation.","5","Income Tax Department - Income Tax Returns FAQs: https://www.incometax.gov.in/iec/foportal/help/all-topics/e-filing-services/%20income%20tax%20returns-faq | Income Tax Department - Salaried Individuals AY 2026-27: https://www.incometax.gov.in/iec/foportal/help/individual/return-applicable-1 | Income Tax Department - Income Tax Act 2025 Transition FAQs: https://www.incometax.gov.in/iec/foportal/help/all-topics/e-filing-services/objective-and-scope-new-act-faq | Income Tax Department - AIS Guidance: https://www.incometax.gov.in/iec/foportal/help/all-topics/e-filing-services/ais-annual-information-statement | Income Tax Department - AIS and Form 26AS FAQs: https://www.incometax.gov.in/iec/foportal/sites/default/files/2022-07/Click%20Here_1.pdf","2026-05-05","MyeCA Editorial Team - ITR Filing Desk","","","","Human review required: verify claims, source fit, examples, links, CTA, authorship, and visible body; then record approval in the CMS or source context."
"P3","/blog/can-freelancers-use-itr-4-presumptive-taxation","blog","needs_revision","no","informational","Freelancers and owner-managed businesses using Freelancer TDS must be matched and Foreign asset cases can change the form to ITR-4 is eligibility-based before finalising the return.","freelancer ITR","ITR-4 is eligibility-based. | Freelancer TDS must be matched. | Foreign asset cases can change the form.","5","Income Tax Department - Income Tax Returns FAQs: https://www.incometax.gov.in/iec/foportal/help/all-topics/e-filing-services/%20income%20tax%20returns-faq | Income Tax Department - Salaried Individuals AY 2026-27: https://www.incometax.gov.in/iec/foportal/help/individual/return-applicable-1 | Income Tax Department - Income Tax Act 2025 Transition FAQs: https://www.incometax.gov.in/iec/foportal/help/all-topics/e-filing-services/objective-and-scope-new-act-faq | Income Tax Department - AIS Guidance: https://www.incometax.gov.in/iec/foportal/help/all-topics/e-filing-services/ais-annual-information-statement | Income Tax Department - AIS and Form 26AS FAQs: https://www.incometax.gov.in/iec/foportal/sites/default/files/2022-07/Click%20Here_1.pdf","2026-05-05","MyeCA Editorial Team - ITR Filing Desk","","","","Human review required: verify claims, source fit, examples, links, CTA, authorship, and visible body; then record approval in the CMS or source context."
"P3","/blog/can-i-use-itr-1-if-sold-shares-mutual-funds","blog","needs_revision","no","informational","Investors and traders calculating and reporting ITR-1 from broker, sale, and cost records.","ITR-1","Capital gains usually rule out ITR-1. | Small gains can still need ITR-2. | AIS may show securities data.","5","Income Tax Department - Income Tax Returns FAQs: https://www.incometax.gov.in/iec/foportal/help/all-topics/e-filing-services/%20income%20tax%20returns-faq | Income Tax Department - Salaried Individuals AY 2026-27: https://www.incometax.gov.in/iec/foportal/help/individual/return-applicable-1 | Income Tax Department - Income Tax Act 2025 Transition FAQs: https://www.incometax.gov.in/iec/foportal/help/all-topics/e-filing-services/objective-and-scope-new-act-faq | Income Tax Department - AIS Guidance: https://www.incometax.gov.in/iec/foportal/help/all-topics/e-filing-services/ais-annual-information-statement | Income Tax Department - AIS and Form 26AS FAQs: https://www.incometax.gov.in/iec/foportal/sites/default/files/2022-07/Click%20Here_1.pdf","2026-05-05","MyeCA Editorial Team - ITR Filing Desk","","","","Human review required: verify claims, source fit, examples, links, CTA, authorship, and visible body; then record approval in the CMS or source context."
"P3","/blog/can-salaried-employees-switch-tax-regime-every-year","blog","needs_revision","no","informational","Indian taxpayers or business owners resolving switch tax regime from current rules and source records.","switch tax regime","Salary-only cases usually have more flexibility. | Business/profession cases need caution. | Recompute after final Form 16 and AIS data.","5","Income Tax Department - Income Tax Returns FAQs: https://www.incometax.gov.in/iec/foportal/help/all-topics/e-filing-services/%20income%20tax%20returns-faq | Income Tax Department - Salaried Individuals AY 2026-27: https://www.incometax.gov.in/iec/foportal/help/individual/return-applicable-1 | Income Tax Department - Income Tax Act 2025 Transition FAQs: https://www.incometax.gov.in/iec/foportal/help/all-topics/e-filing-services/objective-and-scope-new-act-faq | Income Tax Department - AIS Guidance: https://www.incometax.gov.in/iec/foportal/help/all-topics/e-filing-services/ais-annual-information-statement | Income Tax Department - AIS and Form 26AS FAQs: https://www.incometax.gov.in/iec/foportal/sites/default/files/2022-07/Click%20Here_1.pdf","2026-05-05","MyeCA Editorial Team - ITR Filing Desk","","","","Human review required: verify claims, source fit, examples, links, CTA, authorship, and visible body; then record approval in the CMS or source context."
"P3","/blog/capital-gains-exemption-section-54-transition-income-tax-act-2025","blog","needs_revision","no","informational","Investors and traders calculating and reporting Section 54 capital gains exemption Income-tax Act 2025 transition from broker, sale, and cost records.","Section 54 capital gains exemption Income-tax Act 2025 transition","Capital-gains exemption depends on dates, asset type, and reinvestment records. | CGAS and purchase or construction proof should be preserved carefully. | New-law references should be mapped without losing old-period evidence.","2","Income Tax Department - Income-tax Act, 2025 PDF: https://www.incometaxindia.gov.in/documents/d/guest/income_tax_act_2025_as_amended_by_fa_act_2026-pdf | Income Tax Department - New Act transition FAQs: https://www.incometax.gov.in/iec/foportal/help/all-topics/e-filing-services/objective-and-scope-new-act-faq","2026-05-27","MyeCA Editorial Team - New Income Tax Law Desk","","","","Human review required: verify claims, source fit, examples, links, CTA, authorship, and visible body; then record approval in the CMS or source context."
"P3","/blog/capital-gains-trading-income-itr-guide-ay-2026-27","blog","needs_revision","no","informational","Investors and traders calculating and reporting capital gains ITR AY 2026-27 from broker, sale, and cost records.","capital gains ITR AY 2026-27","Investment gains and business trading are different filing problems. | Loss carry-forward depends on correct form and due-date discipline. | Broker reports should be reconciled with AIS.","4","Income Tax Department - Downloads for AY 2026-27 ITR utilities: https://www.incometax.gov.in/iec/foportal/downloads/income-tax-returns | Income Tax Department - Salaried Individuals AY 2026-27: https://www.incometax.gov.in/iec/foportal/help/individual/return-applicable-1 | Income Tax Department - Income Tax Returns FAQs: https://www.incometax.gov.in/iec/foportal/help/all-topics/e-filing-services/%20income%20tax%20returns-faq | Income Tax Department - Tax Credit Mismatch FAQs: https://www.incometax.gov.in/iec/foportal/node/11487","2026-05-27","MyeCA Editorial Team - ITR Filing Desk","","","","Human review required: verify claims, source fit, examples, links, CTA, authorship, and visible body; then record approval in the CMS or source context."
"P3","/blog/capital-loss-carry-forward-new-income-tax-act-2025","blog","needs_revision","no","informational","Investors and traders calculating and reporting capital loss carry forward Income-tax Act 2025 from broker, sale, and cost records.","capital loss carry forward Income-tax Act 2025","Capital-loss records should identify asset type, period, and return year. | Broker reports should be reconciled with AIS and the return schedule. | Carry-forward is easier to defend when old acknowledgements are preserved.","2","Income Tax Department - Set-off and carry forward of losses: https://www.incometax.gov.in/iec/foportal/help/all-topics/e-filing-services/carry-forward-and-set-off-of-losses-under-the-income-tax-act-2025-faq | Income Tax Department - Income-tax Act, 2025 PDF: https://www.incometaxindia.gov.in/documents/d/guest/income_tax_act_2025_as_amended_by_fa_act_2026-pdf","2026-05-27","MyeCA Editorial Team - New Income Tax Law Desk","","","","Human review required: verify claims, source fit, examples, links, CTA, authorship, and visible body; then record approval in the CMS or source context."
"P3","/blog/carry-forward-losses-income-tax-act-2025-transition","blog","needs_revision","no","informational","Individual taxpayers using Old-period losses need return acknowledgements and schedules and Set-off should be checked against current-year income heads to Loss carry-forward depends on the type of loss and filing discipline before reporting carry forward losses Income-tax Act 2025.","carry forward losses Income-tax Act 2025","Loss carry-forward depends on the type of loss and filing discipline. | Old-period losses need return acknowledgements and schedules. | Set-off should be checked against current-year income heads.","2","Income Tax Department - Set-off and carry forward of losses: https://www.incometax.gov.in/iec/foportal/help/all-topics/e-filing-services/carry-forward-and-set-off-of-losses-under-the-income-tax-act-2025-faq | Income Tax Department - Income-tax Act, 2025 PDF: https://www.incometaxindia.gov.in/documents/d/guest/income_tax_act_2025_as_amended_by_fa_act_2026-pdf","2026-05-27","MyeCA Editorial Team - New Income Tax Law Desk","","","","Human review required: verify claims, source fit, examples, links, CTA, authorship, and visible body; then record approval in the CMS or source context."
"P3","/blog/change-tax-regime-using-itr-u","blog","needs_revision","no","informational","Taxpayers using Regime errors need time-limit review and Demand notices should be handled carefully to ITR-U is not a refund tool before filing or responding for ITR-U.","ITR-U","ITR-U is not a refund tool. | Regime errors need time-limit review. | Demand notices should be handled carefully.","5","Income Tax Department - Income Tax Returns FAQs: https://www.incometax.gov.in/iec/foportal/help/all-topics/e-filing-services/%20income%20tax%20returns-faq | Income Tax Department - Salaried Individuals AY 2026-27: https://www.incometax.gov.in/iec/foportal/help/individual/return-applicable-1 | Income Tax Department - Income Tax Act 2025 Transition FAQs: https://www.incometax.gov.in/iec/foportal/help/all-topics/e-filing-services/objective-and-scope-new-act-faq | Income Tax Department - AIS Guidance: https://www.incometax.gov.in/iec/foportal/help/all-topics/e-filing-services/ais-annual-information-statement | Income Tax Department - AIS and Form 26AS FAQs: https://www.incometax.gov.in/iec/foportal/sites/default/files/2022-07/Click%20Here_1.pdf","2026-05-05","MyeCA Editorial Team - ITR Filing Desk","","","","Human review required: verify claims, source fit, examples, links, CTA, authorship, and visible body; then record approval in the CMS or source context."
"P3","/blog/company-registration-private-limited-llp-opc-checklist","blog","needs_revision","no","informational","Founders choosing between a private limited company, LLP, or OPC and preparing incorporation records.","company registration","Entity choice affects ownership, funding, tax, accounting, and compliance. | Registered office and founder KYC should be clean before filing. | Post-incorporation setup is part of the real launch checklist.","2","MCA SPICe+ and Linked Filings FAQ: https://www.mca.gov.in/content/dam/mca/pdf/SPICEplus-and-linked-filings-FAQs-V3-20230122.pdf | MCA Portal: https://www.mca.gov.in/","2026-05-27","MyeCA Editorial Team - Business Registration Desk","","","","Human review required: verify claims, source fit, examples, links, CTA, authorship, and visible body; then record approval in the CMS or source context."
"P3","/blog/complete-ay-2026-27-itr-filing-guide","blog","needs_revision","no","informational","Individuals gathering income, tax-credit, and deduction records for an AY 2026-27 return.","AY 2026-27 ITR filing guide","AY 2026-27 uses FY 2025-26 income. | Form selection should follow income facts. | AIS and Form 26AS should be checked before filing.","5","Income Tax Department - Downloads for AY 2026-27 ITR utilities: https://www.incometax.gov.in/iec/foportal/downloads/income-tax-returns | Income Tax Department - Income Tax Returns FAQs: https://www.incometax.gov.in/iec/foportal/help/all-topics/e-filing-services/%20income%20tax%20returns-faq | Income Tax Department - Salaried Individuals AY 2026-27: https://www.incometax.gov.in/iec/foportal/help/individual/return-applicable-1 | Income Tax Department - Tax Credit Mismatch FAQs: https://www.incometax.gov.in/iec/foportal/node/11487 | Income Tax Department - e-Verify FAQs: https://www.incometax.gov.in/iec/foportal/help/e-filing-e-verify-your-return-faq","2026-05-27","MyeCA Editorial Team - ITR Filing Desk","","","","Human review required: verify claims, source fit, examples, links, CTA, authorship, and visible body; then record approval in the CMS or source context."
"P3","/blog/crypto-vda-income-itr-ay-2026-27","blog","needs_revision","no","informational","Investors and traders calculating and reporting crypto VDA ITR AY 2026-27 from broker, sale, and cost records.","crypto VDA ITR AY 2026-27","VDA records should be transaction-level. | TDS does not replace income reporting. | Loss and set-off treatment need caution.","2","Income Tax Department - Tax Credit Mismatch FAQs: https://www.incometax.gov.in/iec/foportal/node/11487 | Income Tax Department - Downloads for AY 2026-27 ITR utilities: https://www.incometax.gov.in/iec/foportal/downloads/income-tax-returns","2026-05-27","MyeCA Editorial Team - ITR Filing Desk","","","","Human review required: verify claims, source fit, examples, links, CTA, authorship, and visible body; then record approval in the CMS or source context."
"P3","/blog/deductions-section-123-schedule-xv-80c-transition","blog","needs_revision","no","informational","Indian taxpayers or business owners resolving Section 123 Schedule XV 80C transition from current rules and source records.","Section 123 Schedule XV 80C transition","Deduction labels may change, but proof discipline still matters. | Old-regime selection should be compared against the new regime. | Taxpayers should not mix ineligible deductions into a new-regime return.","3","Income Tax Department - Income-tax Act, 2025 PDF: https://www.incometaxindia.gov.in/documents/d/guest/income_tax_act_2025_as_amended_by_fa_act_2026-pdf | Income Tax Department - Budget 2025 income tax FAQs: https://www.incometaxindia.gov.in/news/faqs-on-budget-2025.pdf | Income Tax Department - New Act transition FAQs: https://www.incometax.gov.in/iec/foportal/help/all-topics/e-filing-services/objective-and-scope-new-act-faq","2026-05-27","MyeCA Editorial Team - New Income Tax Law Desk","","","","Human review required: verify claims, source fit, examples, links, CTA, authorship, and visible body; then record approval in the CMS or source context."
"P3","/blog/defective-return-notice-section-139-9","blog","needs_revision","no","informational","Taxpayers using Wrong form is a common cause and Do not resubmit without fixing the defect to 139(9) needs timely correction before filing or responding for 139(9).","139(9)","139(9) needs timely correction. | Wrong form is a common cause. | Do not resubmit without fixing the defect.","5","Income Tax Department - Income Tax Returns FAQs: https://www.incometax.gov.in/iec/foportal/help/all-topics/e-filing-services/%20income%20tax%20returns-faq | Income Tax Department - Salaried Individuals AY 2026-27: https://www.incometax.gov.in/iec/foportal/help/individual/return-applicable-1 | Income Tax Department - Income Tax Act 2025 Transition FAQs: https://www.incometax.gov.in/iec/foportal/help/all-topics/e-filing-services/objective-and-scope-new-act-faq | Income Tax Department - AIS Guidance: https://www.incometax.gov.in/iec/foportal/help/all-topics/e-filing-services/ais-annual-information-statement | Income Tax Department - AIS and Form 26AS FAQs: https://www.incometax.gov.in/iec/foportal/sites/default/files/2022-07/Click%20Here_1.pdf","2026-05-05","MyeCA Editorial Team - ITR Filing Desk","","","","Human review required: verify claims, source fit, examples, links, CTA, authorship, and visible body; then record approval in the CMS or source context."
"P3","/blog/demand-notice-after-tax-regime-change","blog","needs_revision","no","informational","Taxpayers using Regime and deduction mismatch is common and Rectification is not a universal fix to Demand notices need computation comparison before filing or responding for demand notice.","demand notice","Demand notices need computation comparison. | Regime and deduction mismatch is common. | Rectification is not a universal fix.","5","Income Tax Department - Income Tax Returns FAQs: https://www.incometax.gov.in/iec/foportal/help/all-topics/e-filing-services/%20income%20tax%20returns-faq | Income Tax Department - Salaried Individuals AY 2026-27: https://www.incometax.gov.in/iec/foportal/help/individual/return-applicable-1 | Income Tax Department - Income Tax Act 2025 Transition FAQs: https://www.incometax.gov.in/iec/foportal/help/all-topics/e-filing-services/objective-and-scope-new-act-faq | Income Tax Department - AIS Guidance: https://www.incometax.gov.in/iec/foportal/help/all-topics/e-filing-services/ais-annual-information-statement | Income Tax Department - AIS and Form 26AS FAQs: https://www.incometax.gov.in/iec/foportal/sites/default/files/2022-07/Click%20Here_1.pdf","2026-05-05","MyeCA Editorial Team - ITR Filing Desk","","","","Human review required: verify claims, source fit, examples, links, CTA, authorship, and visible body; then record approval in the CMS or source context."
"P3","/blog/digital-signature-certificate-din-business-filings","blog","needs_revision","no","informational","Directors and compliance teams arranging DSC and DIN records for MCA filings.","digital signature certificate","DSC is a signing credential and should be controlled carefully. | DIN is specific to director-related company workflows. | Renewal, custody, and usage history should be recorded.","2","MCA SPICe+ and Linked Filings FAQ: https://www.mca.gov.in/content/dam/mca/pdf/SPICEplus-and-linked-filings-FAQs-V3-20230122.pdf | MCA Portal: https://www.mca.gov.in/","2026-05-27","MyeCA Editorial Team - Digital Compliance Desk","","","","Human review required: verify claims, source fit, examples, links, CTA, authorship, and visible body; then record approval in the CMS or source context."
"P3","/blog/dividend-income-ais-itr-ay-2026-27","blog","needs_revision","no","informational","Individual taxpayers using Salary Form 16 may not include it and Report taxable income with supporting statements to Dividend income can appear in AIS before reporting dividend income AIS ITR.","dividend income AIS ITR","Dividend income can appear in AIS. | Salary Form 16 may not include it. | Report taxable income with supporting statements.","2","Income Tax Department - AIS FAQ: https://www.incometax.gov.in/iec/foportal/ais-faq | Income Tax Department - Tax Credit Mismatch FAQs: https://www.incometax.gov.in/iec/foportal/node/11487","2026-05-27","MyeCA Editorial Team - ITR Filing Desk","","","","Human review required: verify claims, source fit, examples, links, CTA, authorship, and visible body; then record approval in the CMS or source context."
"P3","/blog/donation-deduction-80g-80ggc-itr-ay-2026-27","blog","needs_revision","no","informational","Indian taxpayers or business owners resolving 80G donation deduction AY 2026-27 from current rules and source records.","80G donation deduction AY 2026-27","Donation eligibility depends on receipt and category. | Old-regime treatment should be checked. | Political donation disclosures can be sensitive.","1","Income Tax Department - Salaried Individuals AY 2026-27: https://www.incometax.gov.in/iec/foportal/help/individual/return-applicable-1","2026-05-27","MyeCA Editorial Team - ITR Filing Desk","","","","Human review required: verify claims, source fit, examples, links, CTA, authorship, and visible body; then record approval in the CMS or source context."
"P3","/blog/download-ais-tis-form-26as-before-itr-ay-2026-27","blog","needs_revision","no","informational","Taxpayers using Form 26AS is important for tax credits and Download records before final return preview to AIS shows broader reported information before filing or responding for download AIS TIS Form 26AS.","download AIS TIS Form 26AS","AIS shows broader reported information. | Form 26AS is important for tax credits. | Download records before final return preview.","2","Income Tax Department - Tax Credit Mismatch FAQs: https://www.incometax.gov.in/iec/foportal/node/11487 | Income Tax Department - AIS FAQ: https://www.incometax.gov.in/iec/foportal/ais-faq","2026-05-27","MyeCA Editorial Team - ITR Filing Desk","","","","Human review required: verify claims, source fit, examples, links, CTA, authorship, and visible body; then record approval in the CMS or source context."
"P3","/blog/due-date-condition-deductions-section-122-income-tax-act-2025","blog","needs_revision","no","informational","Taxpayers using Business taxpayers should track audit, return, and payment timelines together and Late filing can affect more than interest and fee exposure to Some claims are sensitive to return filing due dates before choosing the treatment for due date deductions Section 122 Income-tax Act 2025.","due date deductions Section 122 Income-tax Act 2025","Some claims are sensitive to return filing due dates. | Business taxpayers should track audit, return, and payment timelines together. | Late filing can affect more than interest and fee exposure.","2","Income Tax Department - Income-tax Act, 2025 PDF: https://www.incometaxindia.gov.in/documents/d/guest/income_tax_act_2025_as_amended_by_fa_act_2026-pdf | Income Tax Department - New Act transition FAQs: https://www.incometax.gov.in/iec/foportal/help/all-topics/e-filing-services/objective-and-scope-new-act-faq","2026-05-27","MyeCA Editorial Team - New Income Tax Law Desk","","","","Human review required: verify claims, source fit, examples, links, CTA, authorship, and visible body; then record approval in the CMS or source context."
"P3","/blog/e-verify-itr-within-30-days-ay-2026-27","blog","needs_revision","no","informational","Taxpayers using The e-verification timeline is 30 days from filing and Late verification can make return validity depend on condonation to Filing is incomplete without verification before filing or responding for e verify ITR 30 days.","e verify ITR 30 days","Filing is incomplete without verification. | The e-verification timeline is 30 days from filing. | Late verification can make return validity depend on condonation.","2","Income Tax Department - e-Verify FAQs: https://www.incometax.gov.in/iec/foportal/help/e-filing-e-verify-your-return-faq | Income Tax Department - Income Tax Returns FAQs: https://www.incometax.gov.in/iec/foportal/help/all-topics/e-filing-services/%20income%20tax%20returns-faq","2026-05-27","MyeCA Editorial Team - ITR Filing Desk","","","","Human review required: verify claims, source fit, examples, links, CTA, authorship, and visible body; then record approval in the CMS or source context."
"P3","/blog/employer-old-regime-file-new-regime-refund-ay-2026-27","blog","needs_revision","no","informational","Indian taxpayers or business owners resolving old regime employer from current rules and source records.","old regime employer","Employer TDS is not always final regime choice. | Salaried taxpayers often have filing-time flexibility. | Do not mix old deductions with new-regime filing.","5","Income Tax Department - Income Tax Returns FAQs: https://www.incometax.gov.in/iec/foportal/help/all-topics/e-filing-services/%20income%20tax%20returns-faq | Income Tax Department - Salaried Individuals AY 2026-27: https://www.incometax.gov.in/iec/foportal/help/individual/return-applicable-1 | Income Tax Department - Income Tax Act 2025 Transition FAQs: https://www.incometax.gov.in/iec/foportal/help/all-topics/e-filing-services/objective-and-scope-new-act-faq | Income Tax Department - AIS Guidance: https://www.incometax.gov.in/iec/foportal/help/all-topics/e-filing-services/ais-annual-information-statement | Income Tax Department - AIS and Form 26AS FAQs: https://www.incometax.gov.in/iec/foportal/sites/default/files/2022-07/Click%20Here_1.pdf","2026-05-05","MyeCA Editorial Team - ITR Filing Desk","","","","Human review required: verify claims, source fit, examples, links, CTA, authorship, and visible body; then record approval in the CMS or source context."
"P3","/blog/esi-epfo-registration-employer-payroll-readiness-guide","blog","needs_revision","no","informational","Employers and payroll teams checking ESI and EPFO registration and recurring payroll records.","ESI EPFO registration","Applicability should be reviewed as employee count and wages change. | Employee master data should be accurate before registration. | Monthly challan and employee-update records matter after registration.","2","EPFO - For Employers: https://www.epfindia.gov.in/site_en/For_Employers.php/index.php | ESIC Employer Registration: https://www.esic.gov.in/attachments/Employer_Registration_through_ESIC_Portal.pdf","2026-05-27","MyeCA Editorial Team - Payroll Compliance Desk","","","","Human review required: verify claims, source fit, examples, links, CTA, authorship, and visible body; then record approval in the CMS or source context."
"P3","/blog/finance-act-2025-new-regime-slabs-ay-2026-27","blog","needs_revision","no","informational","Indian taxpayers or business owners resolving Finance Act 2025 new regime slabs AY 2026-27 from current rules and source records.","Finance Act 2025 new regime slabs AY 2026-27","Finance Act 2025 changed the new-regime slab conversation for AY 2026-27. | Slabs should be read with rebate, standard deduction, and special-rate income. | Taxpayers should compare against the old regime using final income data.","2","Income Tax Department - Finance Act 2025 highlights: https://www.incometaxindia.gov.in/news/tax_proposals_in_brief_budget_2025.pdf | Income Tax Department - Budget 2025 income tax FAQs: https://www.incometaxindia.gov.in/news/faqs-on-budget-2025.pdf","2026-05-27","MyeCA Editorial Team - New Income Tax Law Desk","","","","Human review required: verify claims, source fit, examples, links, CTA, authorship, and visible body; then record approval in the CMS or source context."
"P3","/blog/fno-intraday-income-capital-gains-or-business","blog","needs_revision","no","informational","Freelancers and owner-managed businesses using Turnover and audit need review and Losses should not be ignored to F&O often means business income reporting before finalising the return.","F&O income","F&O often means business income reporting. | Turnover and audit need review. | Losses should not be ignored.","5","Income Tax Department - Income Tax Returns FAQs: https://www.incometax.gov.in/iec/foportal/help/all-topics/e-filing-services/%20income%20tax%20returns-faq | Income Tax Department - Salaried Individuals AY 2026-27: https://www.incometax.gov.in/iec/foportal/help/individual/return-applicable-1 | Income Tax Department - Income Tax Act 2025 Transition FAQs: https://www.incometax.gov.in/iec/foportal/help/all-topics/e-filing-services/objective-and-scope-new-act-faq | Income Tax Department - AIS Guidance: https://www.incometax.gov.in/iec/foportal/help/all-topics/e-filing-services/ais-annual-information-statement | Income Tax Department - AIS and Form 26AS FAQs: https://www.incometax.gov.in/iec/foportal/sites/default/files/2022-07/Click%20Here_1.pdf","2026-05-05","MyeCA Editorial Team - ITR Filing Desk","","","","Human review required: verify claims, source fit, examples, links, CTA, authorship, and visible body; then record approval in the CMS or source context."
"P3","/blog/fno-loss-carry-forward-due-date-ay-2026-27","blog","needs_revision","no","informational","Investors and traders calculating and reporting F&O loss carry forward AY 2026-27 from broker, sale, and cost records.","F&O loss carry forward AY 2026-27","F&O loss is often a business-income review issue. | Loss carry-forward is deadline-sensitive. | Broker P&L should be preserved.","2","Income Tax Department - Downloads for AY 2026-27 ITR utilities: https://www.incometax.gov.in/iec/foportal/downloads/income-tax-returns | Income Tax Department - Income Tax Returns FAQs: https://www.incometax.gov.in/iec/foportal/help/all-topics/e-filing-services/%20income%20tax%20returns-faq","2026-05-27","MyeCA Editorial Team - ITR Filing Desk","","","","Human review required: verify claims, source fit, examples, links, CTA, authorship, and visible body; then record approval in the CMS or source context."
"P3","/blog/foreign-client-income-schedule-fsi","blog","needs_revision","no","informational","Residents, NRIs, and RNOR taxpayers using Foreign tax credit needs separate compliance and Foreign accounts can trigger Schedule FA to Foreign client does not automatically mean Schedule FSI for foreign client income.","foreign client income","Foreign client does not automatically mean Schedule FSI. | Foreign tax credit needs separate compliance. | Foreign accounts can trigger Schedule FA.","5","Income Tax Department - Income Tax Returns FAQs: https://www.incometax.gov.in/iec/foportal/help/all-topics/e-filing-services/%20income%20tax%20returns-faq | Income Tax Department - Salaried Individuals AY 2026-27: https://www.incometax.gov.in/iec/foportal/help/individual/return-applicable-1 | Income Tax Department - Income Tax Act 2025 Transition FAQs: https://www.incometax.gov.in/iec/foportal/help/all-topics/e-filing-services/objective-and-scope-new-act-faq | Income Tax Department - AIS Guidance: https://www.incometax.gov.in/iec/foportal/help/all-topics/e-filing-services/ais-annual-information-statement | Income Tax Department - AIS and Form 26AS FAQs: https://www.incometax.gov.in/iec/foportal/sites/default/files/2022-07/Click%20Here_1.pdf","2026-05-05","MyeCA Editorial Team - ITR Filing Desk","","","","Human review required: verify claims, source fit, examples, links, CTA, authorship, and visible body; then record approval in the CMS or source context."
"P3","/blog/foreign-remittance-form-15ca-15cb-document-readiness","blog","needs_revision","no","informational","Businesses and professionals preparing Form 15CA or 15CB records for an overseas remittance.","Form 15CA 15CB","Form 15CB is not required for every remittance. | Form 15CA part selection depends on facts and taxability. | Bank, invoice, agreement, and tax records should be preserved together.","2","Income Tax Department - Form 15CA FAQ: https://www.incometax.gov.in/iec/foportal/help/all-topics/statutory-forms/popular-form/form15ca-faq | Income Tax Department - Form 15CB User Manual: https://www.incometax.gov.in/iec/foportal/help/statutory-forms/popular-form/form15cb-um","2026-05-27","MyeCA Editorial Team - International Tax Readiness Desk","","","","Human review required: verify claims, source fit, examples, links, CTA, authorship, and visible body; then record approval in the CMS or source context."
"P3","/blog/forgot-schedule-fa-revised-return-or-itr-u","blog","needs_revision","no","informational","Residents, NRIs, and RNOR taxpayers using ITR-U has restrictions and Schedule FA omissions are high-risk to Revised return is time-sensitive for forgot Schedule FA.","forgot Schedule FA","Revised return is time-sensitive. | ITR-U has restrictions. | Schedule FA omissions are high-risk.","5","Income Tax Department - Income Tax Returns FAQs: https://www.incometax.gov.in/iec/foportal/help/all-topics/e-filing-services/%20income%20tax%20returns-faq | Income Tax Department - Salaried Individuals AY 2026-27: https://www.incometax.gov.in/iec/foportal/help/individual/return-applicable-1 | Income Tax Department - Income Tax Act 2025 Transition FAQs: https://www.incometax.gov.in/iec/foportal/help/all-topics/e-filing-services/objective-and-scope-new-act-faq | Income Tax Department - AIS Guidance: https://www.incometax.gov.in/iec/foportal/help/all-topics/e-filing-services/ais-annual-information-statement | Income Tax Department - AIS and Form 26AS FAQs: https://www.incometax.gov.in/iec/foportal/sites/default/files/2022-07/Click%20Here_1.pdf","2026-05-05","MyeCA Editorial Team - ITR Filing Desk","","","","Human review required: verify claims, source fit, examples, links, CTA, authorship, and visible body; then record approval in the CMS or source context."
"P3","/blog/form-10e-to-form-39-salary-arrears-relief-transition","blog","needs_revision","no","informational","Employees reporting salary arrears and checking the applicable relief form for AY 2026-27.","Form 10E Form 39 salary arrears relief","Salary arrears relief needs year-wise computation. | Form mapping should be checked before claim submission. | Employer records and return disclosure should reconcile.","3","Income Tax Department - Forms under the 2025 Act: https://www.incometax.gov.in/iec/foportal/help/all-topics/e-filing-services/income-tax-forms | Income Tax Department - Guide to 2025 Act forms: https://www.incometax.gov.in/iec/foportal/sites/default/files/2026-03/Guide%20to%20IT%20Act%202025%20forms.pdf | Income Tax Department - Income-tax Act, 2025 PDF: https://www.incometaxindia.gov.in/documents/d/guest/income_tax_act_2025_as_amended_by_fa_act_2026-pdf","2026-05-27","MyeCA Editorial Team - New Income Tax Law Desk","","","","Human review required: verify claims, source fit, examples, links, CTA, authorship, and visible body; then record approval in the CMS or source context."
"P3","/blog/form-15ca-15cb-to-form-145-146-remittance-transition","blog","needs_revision","no","informational","Residents, NRIs, and RNOR taxpayers using Form mapping should be checked before payment or certificate work and Bank, CA, and remitter records should tell the same story to Foreign remittance documentation should be tagged by date and law for Form 15CA 15CB Form 145 146 transition.","Form 15CA 15CB Form 145 146 transition","Foreign remittance documentation should be tagged by date and law. | Form mapping should be checked before payment or certificate work. | Bank, CA, and remitter records should tell the same story.","3","Income Tax Department - Forms under the 2025 Act: https://www.incometax.gov.in/iec/foportal/help/all-topics/e-filing-services/income-tax-forms | Income Tax Department - Guide to 2025 Act forms: https://www.incometax.gov.in/iec/foportal/sites/default/files/2026-03/Guide%20to%20IT%20Act%202025%20forms.pdf | Income Tax Department - Income-tax Act, 2025 PDF: https://www.incometaxindia.gov.in/documents/d/guest/income_tax_act_2025_as_amended_by_fa_act_2026-pdf","2026-05-27","MyeCA Editorial Team - New Income Tax Law Desk","","","","Human review required: verify claims, source fit, examples, links, CTA, authorship, and visible body; then record approval in the CMS or source context."
"P3","/blog/form-15g-15h-to-form-121-income-tax-act-2025-guide","blog","needs_revision","no","informational","Individual taxpayers using Banks and deductors should use the correct form for the relevant period and Taxpayers should preserve acknowledgements and interest certificates to No-TDS declarations need eligibility review, not just form signing before reporting Form 15G 15H Form 121 Income-tax Act 2025.","Form 15G 15H Form 121 Income-tax Act 2025","No-TDS declarations need eligibility review, not just form signing. | Banks and deductors should use the correct form for the relevant period. | Taxpayers should preserve acknowledgements and interest certificates.","3","Income Tax Department - Forms under the 2025 Act: https://www.incometax.gov.in/iec/foportal/help/all-topics/e-filing-services/income-tax-forms | Income Tax Department - Guide to 2025 Act forms: https://www.incometax.gov.in/iec/foportal/sites/default/files/2026-03/Guide%20to%20IT%20Act%202025%20forms.pdf | Income Tax Department - TDS compliance under 2025 Act: https://www.incometax.gov.in/iec/foportal/help/all-topics/tds-on-sale-of-property/guide-to-tds-compliance-under-the-income-tax-act-2025-faq","2026-05-27","MyeCA Editorial Team - New Income Tax Law Desk","","","","Human review required: verify claims, source fit, examples, links, CTA, authorship, and visible body; then record approval in the CMS or source context."
"P3","/blog/form-16-part-a-part-b-reconciliation-ay-2026-27","blog","needs_revision","no","informational","Indian taxpayers or business owners resolving Form 16 Part A Part B reconciliation from current rules and source records.","Form 16 Part A Part B reconciliation","Part A supports TDS and employer details. | Part B supports salary computation. | Both should match the return and tax-credit records.","2","Income Tax Department - Salaried Individuals AY 2026-27: https://www.incometax.gov.in/iec/foportal/help/individual/return-applicable-1 | Income Tax Department - Tax Credit Mismatch FAQs: https://www.incometax.gov.in/iec/foportal/node/11487","2026-05-27","MyeCA Editorial Team - ITR Filing Desk","","","","Human review required: verify claims, source fit, examples, links, CTA, authorship, and visible body; then record approval in the CMS or source context."
"P3","/blog/form-16a-ay-2026-27-tds-refund","blog","needs_revision","no","informational","Taxpayers using TDS must match Form 26AS/AIS and Refund needs income reporting plus e-verification to Form 16A supports refund claims but does not replace ITR before filing or responding for Form 16A.","Form 16A","Form 16A supports refund claims but does not replace ITR. | TDS must match Form 26AS/AIS. | Refund needs income reporting plus e-verification.","5","Income Tax Department - Income Tax Returns FAQs: https://www.incometax.gov.in/iec/foportal/help/all-topics/e-filing-services/%20income%20tax%20returns-faq | Income Tax Department - Salaried Individuals AY 2026-27: https://www.incometax.gov.in/iec/foportal/help/individual/return-applicable-1 | Income Tax Department - Income Tax Act 2025 Transition FAQs: https://www.incometax.gov.in/iec/foportal/help/all-topics/e-filing-services/objective-and-scope-new-act-faq | Income Tax Department - AIS Guidance: https://www.incometax.gov.in/iec/foportal/help/all-topics/e-filing-services/ais-annual-information-statement | Income Tax Department - AIS and Form 26AS FAQs: https://www.incometax.gov.in/iec/foportal/sites/default/files/2022-07/Click%20Here_1.pdf","2026-05-05","MyeCA Editorial Team - ITR Filing Desk","","","","Human review required: verify claims, source fit, examples, links, CTA, authorship, and visible body; then record approval in the CMS or source context."
"P3","/blog/form-67-foreign-tax-credit","blog","needs_revision","no","informational","Residents, NRIs, and RNOR taxpayers using Schedule FSI/TR details should match and DTAA review is important to Form 67 supports foreign tax credit for Form 67.","Form 67","Form 67 supports foreign tax credit. | Schedule FSI/TR details should match. | DTAA review is important.","5","Income Tax Department - Income Tax Returns FAQs: https://www.incometax.gov.in/iec/foportal/help/all-topics/e-filing-services/%20income%20tax%20returns-faq | Income Tax Department - Salaried Individuals AY 2026-27: https://www.incometax.gov.in/iec/foportal/help/individual/return-applicable-1 | Income Tax Department - Income Tax Act 2025 Transition FAQs: https://www.incometax.gov.in/iec/foportal/help/all-topics/e-filing-services/objective-and-scope-new-act-faq | Income Tax Department - AIS Guidance: https://www.incometax.gov.in/iec/foportal/help/all-topics/e-filing-services/ais-annual-information-statement | Income Tax Department - AIS and Form 26AS FAQs: https://www.incometax.gov.in/iec/foportal/sites/default/files/2022-07/Click%20Here_1.pdf","2026-05-05","MyeCA Editorial Team - ITR Filing Desk","","","","Human review required: verify claims, source fit, examples, links, CTA, authorship, and visible body; then record approval in the CMS or source context."
"P3","/blog/freelancer-form-16a-itr-3-vs-itr-4-ay-2026-27","blog","needs_revision","no","commercial","Freelancers and owner-managed businesses using ITR-4 requires presumptive eligibility and ITR-3 is often needed for fuller business reporting to Form 16A proves TDS but not form eligibility before finalising the return.","freelancer Form 16A ITR-3 ITR-4","Form 16A proves TDS but not form eligibility. | ITR-4 requires presumptive eligibility. | ITR-3 is often needed for fuller business reporting.","2","Income Tax Department - Downloads for AY 2026-27 ITR utilities: https://www.incometax.gov.in/iec/foportal/downloads/income-tax-returns | Income Tax Department - Tax Credit Mismatch FAQs: https://www.incometax.gov.in/iec/foportal/node/11487","2026-05-27","MyeCA Editorial Team - ITR Filing Desk","","","","Human review required: verify claims, source fit, examples, links, CTA, authorship, and visible body; then record approval in the CMS or source context."
"P3","/blog/freelancers-foreign-clients-schedule-fa","blog","needs_revision","no","informational","Residents, NRIs, and RNOR taxpayers using Foreign accounts need careful review and Resident status matters first to Schedule FA reports assets, not merely clients for Schedule FA.","Schedule FA","Schedule FA reports assets, not merely clients. | Foreign accounts need careful review. | Resident status matters first.","5","Income Tax Department - Income Tax Returns FAQs: https://www.incometax.gov.in/iec/foportal/help/all-topics/e-filing-services/%20income%20tax%20returns-faq | Income Tax Department - Salaried Individuals AY 2026-27: https://www.incometax.gov.in/iec/foportal/help/individual/return-applicable-1 | Income Tax Department - Income Tax Act 2025 Transition FAQs: https://www.incometax.gov.in/iec/foportal/help/all-topics/e-filing-services/objective-and-scope-new-act-faq | Income Tax Department - AIS Guidance: https://www.incometax.gov.in/iec/foportal/help/all-topics/e-filing-services/ais-annual-information-statement | Income Tax Department - AIS and Form 26AS FAQs: https://www.incometax.gov.in/iec/foportal/sites/default/files/2022-07/Click%20Here_1.pdf","2026-05-05","MyeCA Editorial Team - ITR Filing Desk","","","","Human review required: verify claims, source fit, examples, links, CTA, authorship, and visible body; then record approval in the CMS or source context."
"P3","/blog/fssai-registration-state-central-license-food-businesses","blog","needs_revision","no","informational","Food-business owners checking the FSSAI registration or licence route for their activity and premises.","FSSAI registration","The FSSAI route depends on food activity, scale, premises, and operating model. | FoSCoS is the official compliance system for food business licensing and registration work. | MyeCA assists with readiness and application guidance, not government issuance.","2","FoSCoS Portal: https://foscos.fssai.gov.in/?hl=en-IN | FSSAI FoSCoS Overview: https://www.fssai.gov.in/cms/foscos.php","2026-05-27","MyeCA Editorial Team - Food Business Compliance Desk","","","","Human review required: verify claims, source fit, examples, links, CTA, authorship, and visible body; then record approval in the CMS or source context."
"P3","/blog/fssai-renewal-modification-annual-return-checklist","blog","needs_revision","no","informational","Food-business owners planning an FSSAI renewal, modification, or annual-return check.","FSSAI renewal","Renewal planning should begin before certificate expiry. | Modification depends on changes in facts, products, premises, or responsible persons. | Annual return applicability should be confirmed from the official route.","2","FoSCoS Portal: https://foscos.fssai.gov.in/?hl=en-IN | FSSAI FoSCoS Overview: https://www.fssai.gov.in/cms/foscos.php","2026-05-27","MyeCA Editorial Team - Food Business Compliance Desk","","","","Human review required: verify claims, source fit, examples, links, CTA, authorship, and visible body; then record approval in the CMS or source context."
"P3","/blog/funding-documentation-data-room-investor-readiness-guide","blog","needs_revision","no","informational","Founders preparing a lender or investor data room with legal, financial, tax, and business records.","funding documentation","A data room should connect legal, financial, tax, and business records. | Funding documentation should be tailored to the investor, lender, incubator, or scheme route. | Gap notes help founders resolve mismatches before review conversations.","2","Startup India: https://www.startupindia.gov.in/ | Startup India Seed Fund Scheme: https://seedfund.startupindia.gov.in/home","2026-05-27","MyeCA Editorial Team - Startup Funding Desk","","","","Human review required: verify claims, source fit, examples, links, CTA, authorship, and visible body; then record approval in the CMS or source context."
"P3","/blog/government-scheme-2026-aadhaar-update-itr-scheme-checklist","blog","needs_revision","no","informational","Users with identity mismatches preparing an Aadhaar Update application and verifying Aadhaar, address proof, mobile number before submission or follow-up.","Aadhaar update ITR scheme documents 2026","name, mobile, address, and PAN-linked identity consistency | Aadhaar | address proof | mobile number | Aadhaar Update evidence check: use Aadhaar with address proof only for the facts those records establish. | Aadhaar Update correction path: send a material mobile number difference to the issuing department or service operator and file the response beside the acknowledgement. | Aadhaar Update follow-up record: retain the acknowledgement with the submitted Aadhaar, address proof, and mobile number.","2","myScheme - official government scheme discovery portal: https://www.myscheme.gov.in/ | UIDAI official portal: https://uidai.gov.in/","2026-05-27","MyeCA Editorial Team - Tax and Scheme Research Desk","","","","Human review required: verify claims, source fit, examples, links, CTA, authorship, and visible body; then record approval in the CMS or source context."
"P3","/blog/government-scheme-2026-abha-health-id-medical-record-guide","blog","needs_revision","no","informational","Patients managing medical records preparing an ABHA Health ID and Medical application and verifying Aadhaar or mobile, health records, prescriptions before submission or follow-up.","ABHA health ID documents 2026","safe use of digital health records while preserving medical expense proof for tax and insurance | Aadhaar or mobile | health records | prescriptions | ABHA Health ID and Medical evidence check: use Aadhaar or mobile with health records only for the facts those records establish. | ABHA Health ID and Medical correction path: send a material prescriptions difference to the health authority or certificate issuer and file the response beside the acknowledgement. | ABHA Health ID and Medical follow-up record: retain the acknowledgement with the submitted Aadhaar or mobile, health records, and prescriptions.","2","myScheme - official government scheme discovery portal: https://www.myscheme.gov.in/ | Ayushman Bharat Digital Mission official portal: https://abdm.gov.in/","2026-05-27","MyeCA Editorial Team - Tax and Scheme Research Desk","","","","Human review required: verify claims, source fit, examples, links, CTA, authorship, and visible body; then record approval in the CMS or source context."
"P3","/blog/government-scheme-2026-aicte-pragati-saksham-scholarship-guide","blog","needs_revision","no","informational","Technical education students preparing an AICTE Pragati and Saksham Scholarship application and verifying admission proof, income certificate, bank details before submission or follow-up.","AICTE Pragati Saksham scholarship 2026","institute recognition, student records, family income proof, and portal deadlines | admission proof | income certificate | bank details | AICTE Pragati and Saksham Scholarship evidence check: use admission proof with income certificate only for the facts those records establish. | AICTE Pragati and Saksham Scholarship correction path: send a material bank details difference to the institution or scholarship authority and file the response beside the acknowledgement. | AICTE Pragati and Saksham Scholarship follow-up record: retain the acknowledgement with the submitted admission proof, income certificate, and bank details.","3","myScheme - official government scheme discovery portal: https://www.myscheme.gov.in/ | AICTE official portal: https://www.aicte-india.org/ | National Scholarship Portal: https://scholarships.gov.in/","2026-05-27","MyeCA Editorial Team - Tax and Scheme Research Desk","","","","Human review required: verify claims, source fit, examples, links, CTA, authorship, and visible body; then record approval in the CMS or source context."
"P3","/blog/government-scheme-2026-apprenticeship-india-registration-checklist","blog","needs_revision","no","informational","Freshers seeking apprenticeships preparing an Apprenticeship India application and verifying education certificate, Aadhaar, bank account before submission or follow-up.","Apprenticeship India registration 2026","preparation of profile, education records, bank account, and employer-matching information | education certificate | Aadhaar | bank account | Apprenticeship application evidence check: use education certificate with Aadhaar only for the facts those records establish. | Apprenticeship application correction path: send a material bank account difference to the institution or scholarship authority and file the response beside the acknowledgement. | Apprenticeship application follow-up record: retain the acknowledgement with the submitted education certificate, Aadhaar, and bank account.","2","myScheme - official government scheme discovery portal: https://www.myscheme.gov.in/ | Apprenticeship India official portal: https://www.apprenticeshipindia.gov.in/","2026-05-27","MyeCA Editorial Team - Tax and Scheme Research Desk","","","","Human review required: verify claims, source fit, examples, links, CTA, authorship, and visible body; then record approval in the CMS or source context."
"P3","/blog/government-scheme-2026-atal-pension-yojana-bank-mandate-checklist","blog","needs_revision","no","informational","Workers planning small pension contributions preparing an Atal Pension Yojana application and verifying bank account, Aadhaar, nominee details before submission or follow-up.","Atal Pension Yojana eligibility 2026","account, age, contribution, nominee, and tax-record implications | bank account | Aadhaar | nominee details | Atal Pension Yojana evidence check: use bank account with Aadhaar only for the facts those records establish. | Atal Pension Yojana correction path: send a material nominee details difference to the bank, post office, insurer, or pension operator and file the response beside the acknowledgement. | Atal Pension Yojana follow-up record: retain the acknowledgement with the submitted bank account, Aadhaar, and nominee details.","2","myScheme - official government scheme discovery portal: https://www.myscheme.gov.in/ | Atal Pension Yojana information from NPS CRA: https://www.npscra.nsdl.co.in/scheme-details.php","2026-05-27","MyeCA Editorial Team - Tax and Scheme Research Desk","","","","Human review required: verify claims, source fit, examples, links, CTA, authorship, and visible body; then record approval in the CMS or source context."
"P3","/blog/government-scheme-2026-ayushman-bharat-pmjay-card-eligibility-checklist","blog","needs_revision","no","informational","Applicants preparing an Ayushman Bharat PM-JAY Card application and verifying Aadhaar or accepted ID, ration card, family details before submission or follow-up.","PMJAY eligibility card 2026","verification of beneficiary status, family details, identity records, and hospital-network readiness | Aadhaar or accepted ID | ration card | family details | Ayushman Bharat PM-JAY Card evidence check: use Aadhaar or accepted ID with ration card only for the facts those records establish. | Ayushman Bharat PM-JAY Card correction path: send a material family details difference to the health authority or certificate issuer and file the response beside the acknowledgement. | Ayushman Bharat PM-JAY Card follow-up record: retain the acknowledgement with the submitted Aadhaar or accepted ID, ration card, and family details.","2","myScheme - official government scheme discovery portal: https://www.myscheme.gov.in/ | Ayushman Bharat PM-JAY official portal: https://pmjay.gov.in/","2026-05-27","MyeCA Editorial Team - Tax and Scheme Research Desk","","","","Human review required: verify claims, source fit, examples, links, CTA, authorship, and visible body; then record approval in the CMS or source context."
"P3","/blog/government-scheme-2026-caste-certificate-scholarship-loan-checklist","blog","needs_revision","no","informational","Applicants using category-based schemes preparing a Caste Certificate application and verifying caste certificate, Aadhaar, family records before submission or follow-up.","caste certificate scholarship loan scheme 2026","certificate validity, name consistency, family records, and portal upload requirements | caste certificate | Aadhaar | family records | Category-benefit application evidence check: use caste certificate with Aadhaar only for the facts those records establish. | Category-benefit application correction path: send a material family records difference to the institution or scholarship authority and file the response beside the acknowledgement. | Category-benefit application follow-up record: retain the acknowledgement with the submitted caste certificate, Aadhaar, and family records.","2","myScheme - official government scheme discovery portal: https://www.myscheme.gov.in/ | National Scholarship Portal: https://scholarships.gov.in/","2026-05-27","MyeCA Editorial Team - Tax and Scheme Research Desk","","","","Human review required: verify claims, source fit, examples, links, CTA, authorship, and visible body; then record approval in the CMS or source context."
"P3","/blog/government-scheme-2026-central-sector-scholarship-college-checklist","blog","needs_revision","no","informational","College students preparing a Central Sector Scholarship application and verifying marksheet, income certificate, bank details before submission or follow-up.","central sector scholarship documents 2026","preparation of academic, income, bank, and institution verification records | marksheet | income certificate | bank details | Central Sector Scholarship evidence check: use marksheet with income certificate only for the facts those records establish. | Central Sector Scholarship correction path: send a material bank details difference to the institution or scholarship authority and file the response beside the acknowledgement. | Central Sector Scholarship follow-up record: retain the acknowledgement with the submitted marksheet, income certificate, and bank details.","2","myScheme - official government scheme discovery portal: https://www.myscheme.gov.in/ | National Scholarship Portal: https://scholarships.gov.in/","2026-05-27","MyeCA Editorial Team - Tax and Scheme Research Desk","","","","Human review required: verify claims, source fit, examples, links, CTA, authorship, and visible body; then record approval in the CMS or source context."
"P3","/blog/government-scheme-2026-cgtmse-credit-guarantee-msme-loan-checklist","blog","needs_revision","no","informational","MSME borrowers preparing a CGTMSE Credit Guarantee application and verifying loan application, business KYC, Udyam certificate before submission or follow-up.","CGTMSE loan guarantee checklist 2026","review of guarantee-linked loan records, lender process, and business documentation | loan application | business KYC | Udyam certificate | CGTMSE Credit Guarantee evidence check: use loan application with business KYC only for the facts those records establish. | CGTMSE Credit Guarantee correction path: send a material Udyam certificate difference to the lender, incubator, or programme body and file the response beside the acknowledgement. | CGTMSE Credit Guarantee follow-up record: retain the acknowledgement with the submitted loan application, business KYC, and Udyam certificate.","3","myScheme - official government scheme discovery portal: https://www.myscheme.gov.in/ | CGTMSE official portal: https://www.cgtmse.in/ | Udyam Registration official portal: https://udyamregistration.gov.in/","2026-05-27","MyeCA Editorial Team - Tax and Scheme Research Desk","","","","Human review required: verify claims, source fit, examples, links, CTA, authorship, and visible body; then record approval in the CMS or source context."
"P3","/blog/government-scheme-2026-digilocker-document-readiness-guide","blog","needs_revision","no","informational","Applicants preparing a DigiLocker application and verifying Aadhaar-linked mobile, PAN, issued certificates before submission or follow-up.","DigiLocker documents for ITR and schemes 2026","safe use of issued digital documents while preserving originals and application proof | Aadhaar-linked mobile | PAN | issued certificates | DigiLocker evidence check: use Aadhaar-linked mobile with PAN only for the facts those records establish. | DigiLocker correction path: send a material issued certificates difference to the issuing department or service operator and file the response beside the acknowledgement. | DigiLocker follow-up record: retain the acknowledgement with the submitted Aadhaar-linked mobile, PAN, and issued certificates.","2","myScheme - official government scheme discovery portal: https://www.myscheme.gov.in/ | DigiLocker official portal: https://www.digilocker.gov.in/","2026-05-27","MyeCA Editorial Team - Tax and Scheme Research Desk","","","","Human review required: verify claims, source fit, examples, links, CTA, authorship, and visible body; then record approval in the CMS or source context."
"P3","/blog/government-scheme-2026-disability-certificate-tax-scheme-checklist","blog","needs_revision","no","informational","Persons with disabilities and caregivers preparing a Disability benefit and tax claim application and verifying disability certificate, medical records, Aadhaar before submission or follow-up.","disability certificate tax scheme 2026","certificate details, medical records, identity, bank, and deduction support | disability certificate | medical records | Aadhaar | Disability benefit and tax claim evidence check: use disability certificate with medical records only for the facts those records establish. | Disability benefit and tax claim correction path: send a material Aadhaar difference to the health authority or certificate issuer and file the response beside the acknowledgement. | Disability benefit and tax claim follow-up record: retain the acknowledgement with the submitted disability certificate, medical records, and Aadhaar.","1","myScheme - official government scheme discovery portal: https://www.myscheme.gov.in/","2026-05-27","MyeCA Editorial Team - Tax and Scheme Research Desk","","","","Human review required: verify claims, source fit, examples, links, CTA, authorship, and visible body; then record approval in the CMS or source context."
"P3","/blog/government-scheme-2026-eshram-card-registration-checklist","blog","needs_revision","no","informational","Unorganised workers preparing an eShram Card application and verifying Aadhaar, bank account, mobile number before submission or follow-up.","eShram card registration 2026","identity, occupation, bank, and nominee details | Aadhaar | bank account | mobile number | eShram Card evidence check: use Aadhaar with bank account only for the facts those records establish. | eShram Card correction path: send a material mobile number difference to the issuing department or service operator and file the response beside the acknowledgement. | eShram Card follow-up record: retain the acknowledgement with the submitted Aadhaar, bank account, and mobile number.","2","myScheme - official government scheme discovery portal: https://www.myscheme.gov.in/ | eShram official portal: https://eshram.gov.in/","2026-05-27","MyeCA Editorial Team - Tax and Scheme Research Desk","","","","Human review required: verify claims, source fit, examples, links, CTA, authorship, and visible body; then record approval in the CMS or source context."
"P3","/blog/government-scheme-2026-farmer-scheme-search-before-applying","blog","needs_revision","no","informational","Farmers comparing multiple benefits preparing a Farmer application and verifying land record, Aadhaar, bank account before submission or follow-up.","farmer government schemes 2026","land, crop, bank, Aadhaar, and state-specific records | land record | Aadhaar | bank account | Farmer evidence check: use land record with Aadhaar only for the facts those records establish. | Farmer correction path: send a material bank account difference to the agriculture department, insurer, or nodal agency and file the response beside the acknowledgement. | Farmer follow-up record: retain the acknowledgement with the submitted land record, Aadhaar, and bank account.","3","myScheme - official government scheme discovery portal: https://www.myscheme.gov.in/ | PM-KISAN official portal: https://pmkisan.gov.in/ | Soil Health Card official portal: https://soilhealth.dac.gov.in/","2026-05-27","MyeCA Editorial Team - Tax and Scheme Research Desk","","","","Human review required: verify claims, source fit, examples, links, CTA, authorship, and visible body; then record approval in the CMS or source context."
"P3","/blog/government-scheme-2026-gem-seller-registration-checklist","blog","needs_revision","no","informational","Small businesses selling to government buyers preparing a GeM Seller application and verifying PAN, bank account, Udyam or GST if applicable before submission or follow-up.","GeM seller registration documents 2026","business identity, bank, tax registration, product catalogue, and compliance records | PAN | bank account | Udyam or GST if applicable | GeM Seller evidence check: use PAN with bank account only for the facts those records establish. | GeM Seller correction path: send a material Udyam or GST if applicable difference to the department, marketplace, or complaint forum and file the response beside the acknowledgement. | GeM Seller follow-up record: retain the acknowledgement with the submitted PAN, bank account, and Udyam or GST if applicable.","3","myScheme - official government scheme discovery portal: https://www.myscheme.gov.in/ | Government e-Marketplace official portal: https://gem.gov.in/ | Udyam Registration official portal: https://udyamregistration.gov.in/","2026-05-27","MyeCA Editorial Team - Tax and Scheme Research Desk","","","","Human review required: verify claims, source fit, examples, links, CTA, authorship, and visible body; then record approval in the CMS or source context."
"P3","/blog/government-scheme-2026-income-certificate-scholarship-checklist","blog","needs_revision","no","informational","Students and families applying for schemes preparing an Income Certificate application and verifying income proof, family details, tax return if available before submission or follow-up.","income certificate scholarship scheme 2026","organisation of income proof, family details, tax records, and local authority documents | income proof | family details | tax return if available | Income Certificate evidence check: use income proof with family details only for the facts those records establish. | Income Certificate correction path: send a material tax return if available difference to the institution or scholarship authority and file the response beside the acknowledgement. | Income Certificate follow-up record: retain the acknowledgement with the submitted income proof, family details, and tax return if available.","2","myScheme - official government scheme discovery portal: https://www.myscheme.gov.in/ | National Scholarship Portal: https://scholarships.gov.in/","2026-05-27","MyeCA Editorial Team - Tax and Scheme Research Desk","","","","Human review required: verify claims, source fit, examples, links, CTA, authorship, and visible body; then record approval in the CMS or source context."
"P3","/blog/government-scheme-2026-jan-dhan-account-benefits-document-checklist","blog","needs_revision","no","informational","New banking users preparing a Jan Dhan Account application and verifying Aadhaar or KYC, mobile number, nominee details before submission or follow-up.","Jan Dhan account documents 2026","KYC, direct benefit transfer readiness, nominee records, and account activity | Aadhaar or KYC | mobile number | nominee details | Jan Dhan Account evidence check: use Aadhaar or KYC with mobile number only for the facts those records establish. | Jan Dhan Account correction path: send a material nominee details difference to the bank, post office, insurer, or pension operator and file the response beside the acknowledgement. | Jan Dhan Account follow-up record: retain the acknowledgement with the submitted Aadhaar or KYC, mobile number, and nominee details.","2","myScheme - official government scheme discovery portal: https://www.myscheme.gov.in/ | Pradhan Mantri Jan-Dhan Yojana official portal: https://pmjdy.gov.in/","2026-05-27","MyeCA Editorial Team - Tax and Scheme Research Desk","","","","Human review required: verify claims, source fit, examples, links, CTA, authorship, and visible body; then record approval in the CMS or source context."
"P3","/blog/government-scheme-2026-kisan-credit-card-application-checklist","blog","needs_revision","no","informational","Farmers seeking credit preparing a Kisan Credit Card application and verifying land record, crop details, bank account before submission or follow-up.","Kisan Credit Card documents 2026","preparation of land, crop, identity, bank, and existing-loan records | land record | crop details | bank account | Kisan Credit Card evidence check: use land record with crop details only for the facts those records establish. | Kisan Credit Card correction path: send a material bank account difference to the agriculture department, insurer, or nodal agency and file the response beside the acknowledgement. | Kisan Credit Card follow-up record: retain the acknowledgement with the submitted land record, crop details, and bank account.","1","myScheme - official government scheme discovery portal: https://www.myscheme.gov.in/","2026-05-27","MyeCA Editorial Team - Tax and Scheme Research Desk","","","","Human review required: verify claims, source fit, examples, links, CTA, authorship, and visible body; then record approval in the CMS or source context."
"P3","/blog/government-scheme-2026-msme-samadhaan-delayed-payment-checklist","blog","needs_revision","no","informational","MSMEs facing delayed payments preparing an MSME Samadhaan Delayed Payment Complaint application and verifying Udyam certificate, invoice, purchase order before submission or follow-up.","MSME Samadhaan complaint documents 2026","organisation of invoices, purchase orders, delivery proof, Udyam details, and buyer communication | Udyam certificate | invoice | purchase order | MSME Samadhaan Delayed Payment Complaint evidence check: use Udyam certificate with invoice only for the facts those records establish. | MSME Samadhaan Delayed Payment Complaint correction path: send a material purchase order difference to the department, marketplace, or complaint forum and file the response beside the acknowledgement. | MSME Samadhaan Delayed Payment Complaint follow-up record: retain the acknowledgement with the submitted Udyam certificate, invoice, and purchase order.","3","myScheme - official government scheme discovery portal: https://www.myscheme.gov.in/ | MSME Samadhaan official portal: https://samadhaan.msme.gov.in/ | Udyam Registration official portal: https://udyamregistration.gov.in/","2026-05-27","MyeCA Editorial Team - Tax and Scheme Research Desk","","","","Human review required: verify claims, source fit, examples, links, CTA, authorship, and visible body; then record approval in the CMS or source context."
"P3","/blog/government-scheme-2026-mudra-loan-application-record-checklist","blog","needs_revision","no","informational","Micro business owners preparing a MUDRA Loan application and verifying business proof, bank statement, quotation or invoice before submission or follow-up.","MUDRA loan documents 2026","organisation of business profile, bank statement, invoices, GST records, and repayment plan | business proof | bank statement | quotation or invoice | MUDRA Loan evidence check: use business proof with bank statement only for the facts those records establish. | MUDRA Loan correction path: send a material quotation or invoice difference to the lender, incubator, or programme body and file the response beside the acknowledgement. | MUDRA Loan follow-up record: retain the acknowledgement with the submitted business proof, bank statement, and quotation or invoice.","2","myScheme - official government scheme discovery portal: https://www.myscheme.gov.in/ | Pradhan Mantri MUDRA Yojana official portal: https://www.mudra.org.in/","2026-05-27","MyeCA Editorial Team - Tax and Scheme Research Desk","","","","Human review required: verify claims, source fit, examples, links, CTA, authorship, and visible body; then record approval in the CMS or source context."
"P3","/blog/government-scheme-2026-national-career-service-profile-checklist","blog","needs_revision","no","informational","Job seekers preparing a National Career Service Profile application and verifying resume, education certificates, mobile number before submission or follow-up.","National Career Service registration 2026","accurate job profile with education, experience, skills, and verified contact records | resume | education certificates | mobile number | Employment-profile application evidence check: use resume with education certificates only for the facts those records establish. | Employment-profile application correction path: send a material mobile number difference to the institution or scholarship authority and file the response beside the acknowledgement. | Employment-profile application follow-up record: retain the acknowledgement with the submitted resume, education certificates, and mobile number.","2","myScheme - official government scheme discovery portal: https://www.myscheme.gov.in/ | National Career Service official portal: https://www.ncs.gov.in/","2026-05-27","MyeCA Editorial Team - Tax and Scheme Research Desk","","","","Human review required: verify claims, source fit, examples, links, CTA, authorship, and visible body; then record approval in the CMS or source context."
"P3","/blog/government-scheme-2026-national-scholarship-portal-student-checklist","blog","needs_revision","no","informational","Students applying for scholarships preparing a National Scholarship Portal application and verifying income certificate, student ID, bank passbook before submission or follow-up.","National Scholarship Portal documents 2026","income certificate, caste or category proof, bank account, Aadhaar, and institution records | income certificate | student ID | bank passbook | National Scholarship Portal evidence check: use income certificate with student ID only for the facts those records establish. | National Scholarship Portal correction path: send a material bank passbook difference to the institution or scholarship authority and file the response beside the acknowledgement. | National Scholarship Portal follow-up record: retain the acknowledgement with the submitted income certificate, student ID, and bank passbook.","2","myScheme - official government scheme discovery portal: https://www.myscheme.gov.in/ | National Scholarship Portal: https://scholarships.gov.in/","2026-05-27","MyeCA Editorial Team - Tax and Scheme Research Desk","","","","Human review required: verify claims, source fit, examples, links, CTA, authorship, and visible body; then record approval in the CMS or source context."
"P3","/blog/government-scheme-2026-nps-account-opening-checklist","blog","needs_revision","no","informational","Retirement savers preparing an NPS Account Opening application and verifying PAN, Aadhaar or KYC, bank account before submission or follow-up.","NPS account opening documents 2026","organisation of PRAN, KYC, contribution evidence, and tax deduction records | PAN | Aadhaar or KYC | bank account | NPS Account Opening evidence check: use PAN with Aadhaar or KYC only for the facts those records establish. | NPS Account Opening correction path: send a material bank account difference to the bank, post office, insurer, or pension operator and file the response beside the acknowledgement. | NPS Account Opening follow-up record: retain the acknowledgement with the submitted PAN, Aadhaar or KYC, and bank account.","2","myScheme - official government scheme discovery portal: https://www.myscheme.gov.in/ | NPS Trust official portal: https://www.npstrust.org.in/","2026-05-27","MyeCA Editorial Team - Tax and Scheme Research Desk","","","","Human review required: verify claims, source fit, examples, links, CTA, authorship, and visible body; then record approval in the CMS or source context."
"P3","/blog/government-scheme-2026-nsap-pension-senior-citizen-checklist","blog","needs_revision","no","informational","Senior citizens and vulnerable households preparing a National Social Assistance Pension application and verifying age proof, income proof, bank account before submission or follow-up.","NSAP pension documents 2026","age, income, bank, identity, and local verification records | age proof | income proof | bank account | National Social Assistance Pension evidence check: use age proof with income proof only for the facts those records establish. | National Social Assistance Pension correction path: send a material bank account difference to the bank, post office, insurer, or pension operator and file the response beside the acknowledgement. | National Social Assistance Pension follow-up record: retain the acknowledgement with the submitted age proof, income proof, and bank account.","2","myScheme - official government scheme discovery portal: https://www.myscheme.gov.in/ | National Social Assistance Programme official portal: https://nsap.nic.in/","2026-05-27","MyeCA Editorial Team - Tax and Scheme Research Desk","","","","Human review required: verify claims, source fit, examples, links, CTA, authorship, and visible body; then record approval in the CMS or source context."
"P3","/blog/government-scheme-2026-pm-fasal-bima-claim-document-checklist","blog","needs_revision","no","informational","Farmers comparing crop insurance support preparing a PM Fasal Bima Yojana Claim application and verifying policy acknowledgement, crop details, bank account before submission or follow-up.","PM Fasal Bima claim documents 2026","recordkeeping for crop, bank, insurance, and loss-intimation records | policy acknowledgement | crop details | bank account | PM Fasal Bima Yojana Claim evidence check: use policy acknowledgement with crop details only for the facts those records establish. | PM Fasal Bima Yojana Claim correction path: send a material bank account difference to the agriculture department, insurer, or nodal agency and file the response beside the acknowledgement. | PM Fasal Bima Yojana Claim follow-up record: retain the acknowledgement with the submitted policy acknowledgement, crop details, and bank account.","2","myScheme - official government scheme discovery portal: https://www.myscheme.gov.in/ | Pradhan Mantri Fasal Bima Yojana official portal: https://pmfby.gov.in/","2026-05-27","MyeCA Editorial Team - Tax and Scheme Research Desk","","","","Human review required: verify claims, source fit, examples, links, CTA, authorship, and visible body; then record approval in the CMS or source context."
"P3","/blog/government-scheme-2026-pm-kisan-eligibility-tax-record-checklist","blog","needs_revision","no","informational","Small and marginal farmers preparing a PM-KISAN application and verifying Aadhaar, land record, bank passbook before submission or follow-up.","PM KISAN eligibility 2026","beneficiary status, land records, Aadhaar, bank account, and income-tax record consistency | Aadhaar | land record | bank passbook | PM-KISAN evidence check: use Aadhaar with land record only for the facts those records establish. | PM-KISAN correction path: send a material bank passbook difference to the agriculture department, insurer, or nodal agency and file the response beside the acknowledgement. | PM-KISAN follow-up record: retain the acknowledgement with the submitted Aadhaar, land record, and bank passbook.","2","myScheme - official government scheme discovery portal: https://www.myscheme.gov.in/ | PM-KISAN official portal: https://pmkisan.gov.in/","2026-05-27","MyeCA Editorial Team - Tax and Scheme Research Desk","","","","Human review required: verify claims, source fit, examples, links, CTA, authorship, and visible body; then record approval in the CMS or source context."
"P3","/blog/government-scheme-2026-pm-kusum-solar-pump-checklist","blog","needs_revision","no","informational","Farmers considering solar pumps preparing a PM-KUSUM Solar Pump application and verifying land record, Aadhaar, bank details before submission or follow-up.","PM KUSUM solar pump documents 2026","land, pump, farmer identity, bank, and state-nodal application records | land record | Aadhaar | bank details | PM-KUSUM Solar Pump evidence check: use land record with Aadhaar only for the facts those records establish. | PM-KUSUM Solar Pump correction path: send a material bank details difference to the agriculture department, insurer, or nodal agency and file the response beside the acknowledgement. | PM-KUSUM Solar Pump follow-up record: retain the acknowledgement with the submitted land record, Aadhaar, and bank details.","2","myScheme - official government scheme discovery portal: https://www.myscheme.gov.in/ | PM-KUSUM official portal: https://pmkusum.mnre.gov.in/landing.html","2026-05-27","MyeCA Editorial Team - Tax and Scheme Research Desk","","","","Human review required: verify claims, source fit, examples, links, CTA, authorship, and visible body; then record approval in the CMS or source context."
"P3","/blog/government-scheme-2026-pm-matsya-sampada-fisheries-checklist","blog","needs_revision","no","informational","Fisheries entrepreneurs preparing a PM Matsya Sampada Yojana application and verifying project report, KYC, bank statement before submission or follow-up.","PMMSY documents 2026","organisation of project, identity, bank, and activity records | project report | KYC | bank statement | PM Matsya Sampada Yojana evidence check: use project report with KYC only for the facts those records establish. | PM Matsya Sampada Yojana correction path: send a material bank statement difference to the agriculture department, insurer, or nodal agency and file the response beside the acknowledgement. | PM Matsya Sampada Yojana follow-up record: retain the acknowledgement with the submitted project report, KYC, and bank statement.","2","myScheme - official government scheme discovery portal: https://www.myscheme.gov.in/ | PM Matsya Sampada Yojana official portal: https://pmmsy.dof.gov.in/","2026-05-27","MyeCA Editorial Team - Tax and Scheme Research Desk","","","","Human review required: verify claims, source fit, examples, links, CTA, authorship, and visible body; then record approval in the CMS or source context."
"P3","/blog/government-scheme-2026-pm-shram-yogi-maandhan-readiness-guide","blog","needs_revision","no","informational","Unorganised workers planning pension preparing a PM Shram Yogi Maandhan Pension application and verifying Aadhaar, bank account, mobile number before submission or follow-up.","PM Shram Yogi Maandhan eligibility 2026","age, income, contribution, bank, and Aadhaar details | Aadhaar | bank account | mobile number | PM Shram Yogi Maandhan Pension evidence check: use Aadhaar with bank account only for the facts those records establish. | PM Shram Yogi Maandhan Pension correction path: send a material mobile number difference to the bank, post office, insurer, or pension operator and file the response beside the acknowledgement. | PM Shram Yogi Maandhan Pension follow-up record: retain the acknowledgement with the submitted Aadhaar, bank account, and mobile number.","2","myScheme - official government scheme discovery portal: https://www.myscheme.gov.in/ | eShram official portal: https://eshram.gov.in/","2026-05-27","MyeCA Editorial Team - Tax and Scheme Research Desk","","","","Human review required: verify claims, source fit, examples, links, CTA, authorship, and visible body; then record approval in the CMS or source context."
"P3","/blog/government-scheme-2026-pm-surya-ghar-rooftop-solar-readiness-guide","blog","needs_revision","no","informational","Households considering rooftop solar preparing a PM Surya Ghar Rooftop Solar Subsidy application and verifying electricity bill, bank account, property or consumer details before submission or follow-up.","PM Surya Ghar documents 2026","consumer number, roof ownership, bank details, vendor records, and subsidy process | electricity bill | bank account | property or consumer details | PM Surya Ghar Rooftop Solar Subsidy evidence check: use electricity bill with bank account only for the facts those records establish. | PM Surya Ghar Rooftop Solar Subsidy correction path: send a material property or consumer details difference to the local body, distributor, lender, or programme office and file the response beside the acknowledgement. | PM Surya Ghar Rooftop Solar Subsidy follow-up record: retain the acknowledgement with the submitted electricity bill, bank account, and property or consumer details.","2","myScheme - official government scheme discovery portal: https://www.myscheme.gov.in/ | PM Surya Ghar official portal: https://www.pmsuryaghar.gov.in/","2026-05-27","MyeCA Editorial Team - Tax and Scheme Research Desk","","","","Human review required: verify claims, source fit, examples, links, CTA, authorship, and visible body; then record approval in the CMS or source context."
"P3","/blog/government-scheme-2026-pm-svanidhi-street-vendor-loan-checklist","blog","needs_revision","no","informational","Street vendors preparing a PM SVANidhi Loan application and verifying vendor certificate or reference, bank account, mobile number before submission or follow-up.","PM SVANidhi loan documents 2026","preparation of vendor identity, bank, ULB reference, repayment, and digital-payment records | vendor certificate or reference | bank account | mobile number | PM SVANidhi Loan evidence check: use vendor certificate or reference with bank account only for the facts those records establish. | PM SVANidhi Loan correction path: send a material mobile number difference to the department, marketplace, or complaint forum and file the response beside the acknowledgement. | PM SVANidhi Loan follow-up record: retain the acknowledgement with the submitted vendor certificate or reference, bank account, and mobile number.","2","myScheme - official government scheme discovery portal: https://www.myscheme.gov.in/ | PM SVANidhi official portal: https://pmsvanidhi.mohua.gov.in/","2026-05-27","MyeCA Editorial Team - Tax and Scheme Research Desk","","","","Human review required: verify claims, source fit, examples, links, CTA, authorship, and visible body; then record approval in the CMS or source context."
"P3","/blog/government-scheme-2026-pm-ujjwala-lpg-connection-checklist","blog","needs_revision","no","informational","Households applying for LPG connection preparing a PM Ujjwala LPG Connection application and verifying Aadhaar, bank account, ration card before submission or follow-up.","PM Ujjwala documents 2026","household eligibility, identity, bank, and LPG distributor records | Aadhaar | bank account | ration card | PM Ujjwala LPG Connection evidence check: use Aadhaar with bank account only for the facts those records establish. | PM Ujjwala LPG Connection correction path: send a material ration card difference to the local body, distributor, lender, or programme office and file the response beside the acknowledgement. | PM Ujjwala LPG Connection follow-up record: retain the acknowledgement with the submitted Aadhaar, bank account, and ration card.","2","myScheme - official government scheme discovery portal: https://www.myscheme.gov.in/ | PM Ujjwala Yojana official portal: https://www.pmuy.gov.in/","2026-05-27","MyeCA Editorial Team - Tax and Scheme Research Desk","","","","Human review required: verify claims, source fit, examples, links, CTA, authorship, and visible body; then record approval in the CMS or source context."
"P3","/blog/government-scheme-2026-pm-vishwakarma-registration-document-checklist","blog","needs_revision","no","informational","Traditional artisans and craftspeople preparing a PM Vishwakarma application and verifying Aadhaar, bank account, mobile number before submission or follow-up.","PM Vishwakarma registration documents 2026","trade category, identity, bank account, and local verification readiness | Aadhaar | bank account | mobile number | PM Vishwakarma evidence check: use Aadhaar with bank account only for the facts those records establish. | PM Vishwakarma correction path: send a material mobile number difference to the department, marketplace, or complaint forum and file the response beside the acknowledgement. | PM Vishwakarma follow-up record: retain the acknowledgement with the submitted Aadhaar, bank account, and mobile number.","2","myScheme - official government scheme discovery portal: https://www.myscheme.gov.in/ | PM Vishwakarma official portal: https://pmvishwakarma.gov.in/","2026-05-27","MyeCA Editorial Team - Tax and Scheme Research Desk","","","","Human review required: verify claims, source fit, examples, links, CTA, authorship, and visible body; then record approval in the CMS or source context."
"P3","/blog/government-scheme-2026-pmay-gramin-beneficiary-document-checklist","blog","needs_revision","no","informational","Rural households preparing a PMAY Gramin Beneficiary and application and verifying Aadhaar, bank account, ration card before submission or follow-up.","PMAY Gramin beneficiary list 2026","beneficiary records, land or house status, bank account, and local verification trail | Aadhaar | bank account | ration card | PMAY Gramin Beneficiary and evidence check: use Aadhaar with bank account only for the facts those records establish. | PMAY Gramin Beneficiary and correction path: send a material ration card difference to the local body, distributor, lender, or programme office and file the response beside the acknowledgement. | PMAY Gramin Beneficiary and follow-up record: retain the acknowledgement with the submitted Aadhaar, bank account, and ration card.","2","myScheme - official government scheme discovery portal: https://www.myscheme.gov.in/ | PMAY Gramin official portal: https://pmayg.nic.in/","2026-05-27","MyeCA Editorial Team - Tax and Scheme Research Desk","","","","Human review required: verify claims, source fit, examples, links, CTA, authorship, and visible body; then record approval in the CMS or source context."
"P3","/blog/government-scheme-2026-pmay-urban-home-loan-record-guide","blog","needs_revision","no","informational","Urban home buyers preparing a PMAY Urban 2.0 application and verifying Aadhaar, income proof, property papers before submission or follow-up.","PMAY Urban eligibility 2026","alignment of household, property, income, subsidy, and loan records for application readiness | Aadhaar | income proof | property papers | PMAY Urban 2.0 evidence check: use Aadhaar with income proof only for the facts those records establish. | PMAY Urban 2.0 correction path: send a material property papers difference to the local body, distributor, lender, or programme office and file the response beside the acknowledgement. | PMAY Urban 2.0 follow-up record: retain the acknowledgement with the submitted Aadhaar, income proof, and property papers.","2","myScheme - official government scheme discovery portal: https://www.myscheme.gov.in/ | PMAY Urban official portal: https://pmay-urban.gov.in/","2026-05-27","MyeCA Editorial Team - Tax and Scheme Research Desk","","","","Human review required: verify claims, source fit, examples, links, CTA, authorship, and visible body; then record approval in the CMS or source context."
"P3","/blog/government-scheme-2026-pmegp-loan-subsidy-application-checklist","blog","needs_revision","no","informational","New micro-enterprise applicants preparing a PMEGP Loan and Subsidy application and verifying project report, KYC, bank details before submission or follow-up.","PMEGP application documents 2026","preparation of project reports, identity records, bank details, and training or category documents | project report | KYC | bank details | PMEGP Loan and Subsidy evidence check: use project report with KYC only for the facts those records establish. | PMEGP Loan and Subsidy correction path: send a material bank details difference to the lender, incubator, or programme body and file the response beside the acknowledgement. | PMEGP Loan and Subsidy follow-up record: retain the acknowledgement with the submitted project report, KYC, and bank details.","2","myScheme - official government scheme discovery portal: https://www.myscheme.gov.in/ | PMEGP official portal: https://www.kviconline.gov.in/pmegpeportal/pmegphome/index.jsp","2026-05-27","MyeCA Editorial Team - Tax and Scheme Research Desk","","","","Human review required: verify claims, source fit, examples, links, CTA, authorship, and visible body; then record approval in the CMS or source context."
"P3","/blog/government-scheme-2026-pmfme-food-processing-micro-unit-checklist","blog","needs_revision","no","informational","Food processing micro units preparing a PMFME Food Processing application and verifying business KYC, project estimate, bank statement before submission or follow-up.","PMFME scheme documents 2026","organisation of food-business documents, project records, bank statements, and local approvals | business KYC | project estimate | bank statement | PMFME Food Processing evidence check: use business KYC with project estimate only for the facts those records establish. | PMFME Food Processing correction path: send a material bank statement difference to the lender, incubator, or programme body and file the response beside the acknowledgement. | PMFME Food Processing follow-up record: retain the acknowledgement with the submitted business KYC, project estimate, and bank statement.","2","myScheme - official government scheme discovery portal: https://www.myscheme.gov.in/ | PMFME official portal: https://pmfme.mofpi.gov.in/","2026-05-27","MyeCA Editorial Team - Tax and Scheme Research Desk","","","","Human review required: verify claims, source fit, examples, links, CTA, authorship, and visible body; then record approval in the CMS or source context."
"P3","/blog/government-scheme-2026-pmjjby-insurance-renewal-nominee-checklist","blog","needs_revision","no","informational","Low-cost insurance users preparing a PMJJBY Insurance Renewal and Nominee application and verifying bank account, nominee details, premium debit proof before submission or follow-up.","PMJJBY renewal checklist 2026","auto-debit, nominee, bank account, and claim-document readiness | bank account | nominee details | premium debit proof | PMJJBY Insurance Renewal and Nominee evidence check: use bank account with nominee details only for the facts those records establish. | PMJJBY Insurance Renewal and Nominee correction path: send a material premium debit proof difference to the bank, post office, insurer, or pension operator and file the response beside the acknowledgement. | PMJJBY Insurance Renewal and Nominee follow-up record: retain the acknowledgement with the submitted bank account, nominee details, and premium debit proof.","2","myScheme - official government scheme discovery portal: https://www.myscheme.gov.in/ | Pradhan Mantri Jan-Dhan Yojana official portal: https://pmjdy.gov.in/","2026-05-27","MyeCA Editorial Team - Tax and Scheme Research Desk","","","","Human review required: verify claims, source fit, examples, links, CTA, authorship, and visible body; then record approval in the CMS or source context."
"P3","/blog/government-scheme-2026-pmkvy-skill-training-registration-checklist","blog","needs_revision","no","informational","Job seekers and skill learners preparing a PMKVY Skill Training application and verifying Aadhaar, mobile number, education proof before submission or follow-up.","PMKVY registration documents 2026","identity, training centre, course fit, and certificate records | Aadhaar | mobile number | education proof | PMKVY Skill Training evidence check: use Aadhaar with mobile number only for the facts those records establish. | PMKVY Skill Training correction path: send a material education proof difference to the institution or scholarship authority and file the response beside the acknowledgement. | PMKVY Skill Training follow-up record: retain the acknowledgement with the submitted Aadhaar, mobile number, and education proof.","2","myScheme - official government scheme discovery portal: https://www.myscheme.gov.in/ | Skill India Digital official portal: https://www.skillindiadigital.gov.in/","2026-05-27","MyeCA Editorial Team - Tax and Scheme Research Desk","","","","Human review required: verify claims, source fit, examples, links, CTA, authorship, and visible body; then record approval in the CMS or source context."
"P3","/blog/government-scheme-2026-pmsby-accident-insurance-checklist","blog","needs_revision","no","informational","Workers seeking accident cover preparing a PMSBY Accident Insurance application and verifying bank account, nominee details, premium debit proof before submission or follow-up.","PMSBY accident insurance checklist 2026","enrollment, premium debit, nominee, and claim-record readiness | bank account | nominee details | premium debit proof | PMSBY Accident Insurance evidence check: use bank account with nominee details only for the facts those records establish. | PMSBY Accident Insurance correction path: send a material premium debit proof difference to the bank, post office, insurer, or pension operator and file the response beside the acknowledgement. | PMSBY Accident Insurance follow-up record: retain the acknowledgement with the submitted bank account, nominee details, and premium debit proof.","2","myScheme - official government scheme discovery portal: https://www.myscheme.gov.in/ | Pradhan Mantri Jan-Dhan Yojana official portal: https://pmjdy.gov.in/","2026-05-27","MyeCA Editorial Team - Tax and Scheme Research Desk","","","","Human review required: verify claims, source fit, examples, links, CTA, authorship, and visible body; then record approval in the CMS or source context."
"P3","/blog/government-scheme-2026-ppf-tax-record-checklist-ay-2026-27","blog","needs_revision","no","informational","Savers using PPF preparing a PPF Account application and verifying PPF passbook, deposit receipt, PAN before submission or follow-up.","PPF tax record AY 2026-27","retention of contribution proof, interest records, withdrawal trail, and old-regime deduction support | PPF passbook | deposit receipt | PAN | PPF Account evidence check: use PPF passbook with deposit receipt only for the facts those records establish. | PPF Account correction path: send a material PAN difference to the bank, post office, insurer, or pension operator and file the response beside the acknowledgement. | PPF Account follow-up record: retain the acknowledgement with the submitted PPF passbook, deposit receipt, and PAN.","2","myScheme - official government scheme discovery portal: https://www.myscheme.gov.in/ | Department of Posts - Small Savings Schemes: https://www.indiapost.gov.in/Financial/Pages/Content/Post-Office-Saving-Schemes.aspx","2026-05-27","MyeCA Editorial Team - Tax and Scheme Research Desk","","","","Human review required: verify claims, source fit, examples, links, CTA, authorship, and visible body; then record approval in the CMS or source context."
"P3","/blog/government-scheme-2026-ration-card-one-nation-one-ration-card-checklist","blog","needs_revision","no","informational","Families checking food-security benefits preparing a One Nation One Ration Card (ONORC) application and verifying ration card, Aadhaar, family details before submission or follow-up.","ration card ONORC documents 2026","family details, portability, Aadhaar seeding, and state records | ration card | Aadhaar | family details | Food-entitlement portability review evidence check: use ration card with Aadhaar only for the facts those records establish. | Food-entitlement portability review correction path: send a material family details difference to the local body, distributor, lender, or programme office and file the response beside the acknowledgement. | Food-entitlement portability review follow-up record: retain the acknowledgement with the submitted ration card, Aadhaar, and family details.","2","myScheme - official government scheme discovery portal: https://www.myscheme.gov.in/ | National Food Security Portal: https://nfsa.gov.in/","2026-05-27","MyeCA Editorial Team - Tax and Scheme Research Desk","","","","Human review required: verify claims, source fit, examples, links, CTA, authorship, and visible body; then record approval in the CMS or source context."
"P3","/blog/government-scheme-2026-scss-senior-citizen-savings-checklist","blog","needs_revision","no","informational","Senior citizens comparing savings schemes preparing a Senior Citizen Savings application and verifying age proof, PAN, bank or post office records before submission or follow-up.","SCSS documents 2026","age, retirement status, deposit records, interest reporting, and TDS trail | age proof | PAN | bank or post office records | Senior Citizen Savings evidence check: use age proof with PAN only for the facts those records establish. | Senior Citizen Savings correction path: send a material bank or post office records difference to the bank, post office, insurer, or pension operator and file the response beside the acknowledgement. | Senior Citizen Savings follow-up record: retain the acknowledgement with the submitted age proof, PAN, and bank or post office records.","2","myScheme - official government scheme discovery portal: https://www.myscheme.gov.in/ | Department of Posts - Small Savings Schemes: https://www.indiapost.gov.in/Financial/Pages/Content/Post-Office-Saving-Schemes.aspx","2026-05-27","MyeCA Editorial Team - Tax and Scheme Research Desk","","","","Human review required: verify claims, source fit, examples, links, CTA, authorship, and visible body; then record approval in the CMS or source context."
"P3","/blog/government-scheme-2026-soil-health-card-record-checklist","blog","needs_revision","no","informational","Farmers checking soil records preparing a Soil Health Card application and verifying land record, soil sample details, crop details before submission or follow-up.","Soil Health Card 2026","recordkeeping for soil-test, land, crop, and advisory records for better farm planning | land record | soil sample details | crop details | Farm nutrient report review evidence check: use land record with soil sample details only for the facts those records establish. | Farm nutrient report review correction path: send a material crop details difference to the agriculture department, insurer, or nodal agency and file the response beside the acknowledgement. | Farm nutrient report review follow-up record: retain the acknowledgement with the submitted land record, soil sample details, and crop details.","2","myScheme - official government scheme discovery portal: https://www.myscheme.gov.in/ | Soil Health Card official portal: https://soilhealth.dac.gov.in/","2026-05-27","MyeCA Editorial Team - Tax and Scheme Research Desk","","","","Human review required: verify claims, source fit, examples, links, CTA, authorship, and visible body; then record approval in the CMS or source context."
"P3","/blog/government-scheme-2026-stand-up-india-loan-readiness-checklist","blog","needs_revision","no","informational","SC/ST and women entrepreneurs preparing a Stand-Up India Loan application and verifying KYC, category certificate if applicable, project report before submission or follow-up.","Stand Up India loan eligibility 2026","promoter category, business plan, bank documents, and compliance readiness | KYC | category certificate if applicable | project report | Stand-Up India Loan evidence check: use KYC with category certificate if applicable only for the facts those records establish. | Stand-Up India Loan correction path: send a material project report difference to the lender, incubator, or programme body and file the response beside the acknowledgement. | Stand-Up India Loan follow-up record: retain the acknowledgement with the submitted KYC, category certificate if applicable, and project report.","2","myScheme - official government scheme discovery portal: https://www.myscheme.gov.in/ | Stand-Up India official portal: https://www.standupmitra.in/","2026-05-27","MyeCA Editorial Team - Tax and Scheme Research Desk","","","","Human review required: verify claims, source fit, examples, links, CTA, authorship, and visible body; then record approval in the CMS or source context."
"P3","/blog/government-scheme-2026-startup-india-recognition-checklist","blog","needs_revision","no","informational","Startup founders preparing a Startup India Recognition application and verifying incorporation certificate, PAN, pitch or innovation note before submission or follow-up.","Startup India recognition documents 2026","entity age, innovation note, incorporation proof, and compliance records | incorporation certificate | PAN | pitch or innovation note | Startup India Recognition evidence check: use incorporation certificate with PAN only for the facts those records establish. | Startup India Recognition correction path: send a material pitch or innovation note difference to the department, marketplace, or complaint forum and file the response beside the acknowledgement. | Startup India Recognition follow-up record: retain the acknowledgement with the submitted incorporation certificate, PAN, and pitch or innovation note.","2","myScheme - official government scheme discovery portal: https://www.myscheme.gov.in/ | Startup India official portal: https://www.startupindia.gov.in/","2026-05-27","MyeCA Editorial Team - Tax and Scheme Research Desk","","","","Human review required: verify claims, source fit, examples, links, CTA, authorship, and visible body; then record approval in the CMS or source context."
"P3","/blog/government-scheme-2026-startup-india-seed-fund-readiness-guide","blog","needs_revision","no","informational","Early-stage founders preparing a Startup India Seed Fund application and verifying DPIIT recognition, pitch deck, bank statement before submission or follow-up.","Startup India Seed Fund eligibility 2026","preparation of recognition, pitch, financial records, and milestone documents | DPIIT recognition | pitch deck | bank statement | Startup India Seed Fund evidence check: use DPIIT recognition with pitch deck only for the facts those records establish. | Startup India Seed Fund correction path: send a material bank statement difference to the lender, incubator, or programme body and file the response beside the acknowledgement. | Startup India Seed Fund follow-up record: retain the acknowledgement with the submitted DPIIT recognition, pitch deck, and bank statement.","3","myScheme - official government scheme discovery portal: https://www.myscheme.gov.in/ | Startup India official portal: https://www.startupindia.gov.in/ | Startup India Seed Fund Scheme official portal: https://seedfund.startupindia.gov.in/","2026-05-27","MyeCA Editorial Team - Tax and Scheme Research Desk","","","","Human review required: verify claims, source fit, examples, links, CTA, authorship, and visible body; then record approval in the CMS or source context."
"P3","/blog/government-scheme-2026-sukanya-samriddhi-account-checklist","blog","needs_revision","no","informational","Parents saving for a girl child preparing a Sukanya Samriddhi Account application and verifying birth certificate, guardian PAN, Aadhaar or KYC before submission or follow-up.","Sukanya Samriddhi documents 2026","alignment of guardian records, child identity, deposit proof, and deduction-support documents | birth certificate | guardian PAN | Aadhaar or KYC | Sukanya Samriddhi Account evidence check: use birth certificate with guardian PAN only for the facts those records establish. | Sukanya Samriddhi Account correction path: send a material Aadhaar or KYC difference to the bank, post office, insurer, or pension operator and file the response beside the acknowledgement. | Sukanya Samriddhi Account follow-up record: retain the acknowledgement with the submitted birth certificate, guardian PAN, and Aadhaar or KYC.","2","myScheme - official government scheme discovery portal: https://www.myscheme.gov.in/ | Department of Posts - Small Savings Schemes: https://www.indiapost.gov.in/Financial/Pages/Content/Post-Office-Saving-Schemes.aspx","2026-05-27","MyeCA Editorial Team - Tax and Scheme Research Desk","","","","Human review required: verify claims, source fit, examples, links, CTA, authorship, and visible body; then record approval in the CMS or source context."
"P3","/blog/government-scheme-2026-udyam-registration-msme-checklist","blog","needs_revision","no","informational","MSME owners preparing an Udyam application and verifying Aadhaar, PAN, GSTIN if applicable before submission or follow-up.","Udyam registration documents 2026","alignment of Aadhaar, PAN, GST, activity code, and turnover records | Aadhaar | PAN | GSTIN if applicable | Udyam evidence check: use Aadhaar with PAN only for the facts those records establish. | Udyam correction path: send a material GSTIN if applicable difference to the department, marketplace, or complaint forum and file the response beside the acknowledgement. | Udyam follow-up record: retain the acknowledgement with the submitted Aadhaar, PAN, and GSTIN if applicable.","2","myScheme - official government scheme discovery portal: https://www.myscheme.gov.in/ | Udyam Registration official portal: https://udyamregistration.gov.in/","2026-05-27","MyeCA Editorial Team - Tax and Scheme Research Desk","","","","Human review required: verify claims, source fit, examples, links, CTA, authorship, and visible body; then record approval in the CMS or source context."
"P3","/blog/government-scheme-2026-umang-app-services-checklist","blog","needs_revision","no","informational","Families using government services preparing an UMANG App Services application and verifying mobile number, Aadhaar if required, service account details before submission or follow-up.","UMANG app services 2026","organisation of mobile, identity, and service records | mobile number | Aadhaar if required | service account details | UMANG App Services evidence check: use mobile number with Aadhaar if required only for the facts those records establish. | UMANG App Services correction path: send a material service account details difference to the issuing department or service operator and file the response beside the acknowledgement. | UMANG App Services follow-up record: retain the acknowledgement with the submitted mobile number, Aadhaar if required, and service account details.","2","myScheme - official government scheme discovery portal: https://www.myscheme.gov.in/ | UMANG official portal: https://web.umang.gov.in/","2026-05-27","MyeCA Editorial Team - Tax and Scheme Research Desk","","","","Human review required: verify claims, source fit, examples, links, CTA, authorship, and visible body; then record approval in the CMS or source context."
"P3","/blog/government-scheme-2026-women-entrepreneur-scheme-search-checklist","blog","needs_revision","no","informational","Women business owners preparing a Women Entrepreneur application and verifying KYC, business proof, bank statement before submission or follow-up.","women entrepreneur scheme documents 2026","official-portal comparison of scheme eligibility, promoter ownership, business proof, and bank records | KYC | business proof | bank statement | Women Entrepreneur evidence check: use KYC with business proof only for the facts those records establish. | Women Entrepreneur correction path: send a material bank statement difference to the lender, incubator, or programme body and file the response beside the acknowledgement. | Women Entrepreneur follow-up record: retain the acknowledgement with the submitted KYC, business proof, and bank statement.","3","myScheme - official government scheme discovery portal: https://www.myscheme.gov.in/ | Stand-Up India official portal: https://www.standupmitra.in/ | Pradhan Mantri MUDRA Yojana official portal: https://www.mudra.org.in/","2026-05-27","MyeCA Editorial Team - Tax and Scheme Research Desk","","","","Human review required: verify claims, source fit, examples, links, CTA, authorship, and visible body; then record approval in the CMS or source context."
"P3","/blog/government-schemes-msme-startup-eligibility-document-checklist","blog","needs_revision","no","informational","MSME founders comparing government schemes and preparing a scheme-specific eligibility and document file.","government schemes for MSME","Every scheme needs its own official-source review. | Registrations help only when the underlying records are consistent. | A gap list prevents incomplete or rushed applications.","3","Udyam Registration Portal: https://udyamregistration.gov.in/ | Startup India Seed Fund Scheme: https://seedfund.startupindia.gov.in/home | Startup India: https://www.startupindia.gov.in/","2026-05-27","MyeCA Editorial Team - Government Scheme Readiness Desk","","","","Human review required: verify claims, source fit, examples, links, CTA, authorship, and visible body; then record approval in the CMS or source context."
"P3","/blog/gst-registration-compliance-roadmap","blog","needs_revision","no","informational","Founders and finance teams setting up GST registration, reconciliation, filing, and record-retention routines.","GST","GST registration depends on turnover, activity, state, and supply model. | Monthly reconciliation of purchases and GSTR-2B helps protect ITC. | Archive returns, challans, and working papers after every filing.","3","GST Portal - Viewing Form GSTR-2B: https://tutorial.gst.gov.in/userguide/returns/Manual_gstr2b.htm | GST Portal - GSTR-2B FAQs: https://tutorial.gst.gov.in/userguide/returns/FAQ_gstr2b.htm | GST Portal: https://www.gst.gov.in/","2026-04-12","MyeCA Editorial Team - GST Compliance Desk","","","","Human review required: verify claims, source fit, examples, links, CTA, authorship, and visible body; then record approval in the CMS or source context."
"P3","/blog/gst-registration-query-reply-certificate-first-compliance","blog","needs_revision","no","informational","Businesses applying for GST registration or responding to an officer query before certificate issuance.","GST registration","GST applicability should be checked before application filing. | Officer queries should be answered with clear premises and business evidence. | After GSTIN, the business needs invoicing and return discipline.","2","GST Portal: https://www.gst.gov.in/ | GST GSTR-1 FAQ: https://tutorial.gst.gov.in/userguide/returns/GSTR_1.htm","2026-05-27","MyeCA Editorial Team - GST Compliance Desk","","","","Human review required: verify claims, source fit, examples, links, CTA, authorship, and visible body; then record approval in the CMS or source context."
"P3","/blog/gst-turnover-vs-income-tax-turnover-ay-2026-27","blog","needs_revision","no","informational","Business owners and accountants reconciling GST turnover with books and income-tax reporting.","GST turnover income tax turnover","GST data and income-tax books serve different reporting purposes. | Differences need a reconciliation note. | Bank receipts, invoices, and TDS should align.","2","Income Tax Department - Tax Credit Mismatch FAQs: https://www.incometax.gov.in/iec/foportal/node/11487 | Income Tax Department - Downloads for AY 2026-27 ITR utilities: https://www.incometax.gov.in/iec/foportal/downloads/income-tax-returns","2026-05-27","MyeCA Editorial Team - ITR Filing Desk","","","","Human review required: verify claims, source fit, examples, links, CTA, authorship, and visible body; then record approval in the CMS or source context."
"P3","/blog/gstr-1-gstr-3b-filing-rhythm-small-businesses","blog","needs_revision","no","informational","GST-registered small businesses and finance teams reconciling outward supplies, ITC, challans, and periodic returns.","GSTR-1 GSTR-3B filing","GSTR-1 outward supply data should be closed before filing. | ITC should be reviewed against purchase records and GSTR-2B. | Returns, challans, and working files should be archived every period.","2","GST GSTR-1 FAQ: https://tutorial.gst.gov.in/userguide/returns/GSTR_1.htm | GST GSTR-3B FAQ: https://tutorial.gst.gov.in/userguide/returns/GSTR3B.htm","2026-05-27","MyeCA Editorial Team - GST Compliance Desk","","","","Human review required: verify claims, source fit, examples, links, CTA, authorship, and visible body; then record approval in the CMS or source context."
"P3","/blog/handle-ais-mismatch-before-after-itr","blog","needs_revision","no","informational","Taxpayers using Feedback can reduce mismatch risk and Keep evidence for every disputed entry to AIS is a review tool, not final truth before filing or responding for AIS mismatch.","AIS mismatch","AIS is a review tool, not final truth. | Feedback can reduce mismatch risk. | Keep evidence for every disputed entry.","5","Income Tax Department - Income Tax Returns FAQs: https://www.incometax.gov.in/iec/foportal/help/all-topics/e-filing-services/%20income%20tax%20returns-faq | Income Tax Department - Salaried Individuals AY 2026-27: https://www.incometax.gov.in/iec/foportal/help/individual/return-applicable-1 | Income Tax Department - Income Tax Act 2025 Transition FAQs: https://www.incometax.gov.in/iec/foportal/help/all-topics/e-filing-services/objective-and-scope-new-act-faq | Income Tax Department - AIS Guidance: https://www.incometax.gov.in/iec/foportal/help/all-topics/e-filing-services/ais-annual-information-statement | Income Tax Department - AIS and Form 26AS FAQs: https://www.incometax.gov.in/iec/foportal/sites/default/files/2022-07/Click%20Here_1.pdf","2026-05-05","MyeCA Editorial Team - ITR Filing Desk","","","","Human review required: verify claims, source fit, examples, links, CTA, authorship, and visible body; then record approval in the CMS or source context."
"P3","/blog/home-loan-interest-section-24b-itr-ay-2026-27","blog","needs_revision","no","informational","Indian taxpayers or business owners resolving section 24b home loan interest AY 2026-27 from current rules and source records.","section 24b home loan interest AY 2026-27","Loan certificate is essential. | House property loss treatment can affect form and tax. | Regime choice matters.","1","Income Tax Department - Salaried Individuals AY 2026-27: https://www.incometax.gov.in/iec/foportal/help/individual/return-applicable-1","2026-05-27","MyeCA Editorial Team - ITR Filing Desk","","","","Human review required: verify claims, source fit, examples, links, CTA, authorship, and visible body; then record approval in the CMS or source context."
"P3","/blog/how-to-file-belated-revised-updated-return-ay-2026-27","blog","needs_revision","no","informational","Taxpayers using Revised return is time-sensitive and ITR-U has strict restrictions to Correction route depends on filing status before filing or responding for belated return.","belated return","Correction route depends on filing status. | Revised return is time-sensitive. | ITR-U has strict restrictions.","5","Income Tax Department - Income Tax Returns FAQs: https://www.incometax.gov.in/iec/foportal/help/all-topics/e-filing-services/%20income%20tax%20returns-faq | Income Tax Department - Salaried Individuals AY 2026-27: https://www.incometax.gov.in/iec/foportal/help/individual/return-applicable-1 | Income Tax Department - Income Tax Act 2025 Transition FAQs: https://www.incometax.gov.in/iec/foportal/help/all-topics/e-filing-services/objective-and-scope-new-act-faq | Income Tax Department - AIS Guidance: https://www.incometax.gov.in/iec/foportal/help/all-topics/e-filing-services/ais-annual-information-statement | Income Tax Department - AIS and Form 26AS FAQs: https://www.incometax.gov.in/iec/foportal/sites/default/files/2022-07/Click%20Here_1.pdf","2026-05-05","MyeCA Editorial Team - ITR Filing Desk","","","","Human review required: verify claims, source fit, examples, links, CTA, authorship, and visible body; then record approval in the CMS or source context."
"P3","/blog/hra-claim-not-in-form-16-ay-2026-27","blog","needs_revision","no","informational","Indian taxpayers or business owners resolving HRA claim not in Form 16 from current rules and source records.","HRA claim not in Form 16","HRA usually needs old-regime treatment. | Rent proof and salary details matter. | Employer omission does not automatically decide final return.","1","Income Tax Department - Salaried Individuals AY 2026-27: https://www.incometax.gov.in/iec/foportal/help/individual/return-applicable-1","2026-05-27","MyeCA Editorial Team - ITR Filing Desk","","","","Human review required: verify claims, source fit, examples, links, CTA, authorship, and visible body; then record approval in the CMS or source context."
"P3","/blog/income-tax-act-2025-business-freelancer-compliance-roadmap","blog","needs_revision","no","informational","Freelancers and owner-managed businesses using Freelancers should track receipts, expenses, foreign income, and advance tax and A document vault helps preserve transition evidence to Businesses should update calendars, forms, books, tax payments, and TDS workflows before finalising the return.","Income-tax Act 2025 business freelancer compliance roadmap","Businesses should update calendars, forms, books, tax payments, and TDS workflows. | Freelancers should track receipts, expenses, foreign income, and advance tax. | A document vault helps preserve transition evidence.","4","Income Tax Department - Income-tax Act 2025: https://www.incometaxindia.gov.in/income-tax-act-20251 | Income Tax Department - New Act transition FAQs: https://www.incometax.gov.in/iec/foportal/help/all-topics/e-filing-services/objective-and-scope-new-act-faq | Income Tax Department - Tax payments under the 2025 Act: https://www.incometax.gov.in/iec/foportal/help/all-topics/e-filing-services/guide-to-tax-payments-under-the-income-tax-act-2025-faq | Income Tax Department - TDS compliance under 2025 Act: https://www.incometax.gov.in/iec/foportal/help/all-topics/tds-on-sale-of-property/guide-to-tds-compliance-under-the-income-tax-act-2025-faq","2026-05-27","MyeCA Editorial Team - New Income Tax Law Desk","","","","Human review required: verify claims, source fit, examples, links, CTA, authorship, and visible body; then record approval in the CMS or source context."
"P3","/blog/income-tax-act-2025-effective-april-2026-overview","blog","needs_revision","no","informational","Individual taxpayers using AY 2026-27 returns for FY 2025-26 still need the old-year filing context and Taxpayers should separate return filing, TDS, payments, forms, and old proceedings by date to The 2025 Act applies from 1 April 2026 for Tax Year 2026-27 onwards before reporting Income-tax Act 2025 effective April 2026.","Income-tax Act 2025 effective April 2026","The 2025 Act applies from 1 April 2026 for Tax Year 2026-27 onwards. | AY 2026-27 returns for FY 2025-26 still need the old-year filing context. | Taxpayers should separate return filing, TDS, payments, forms, and old proceedings by date.","3","Income Tax Department - Act 2025 commencement update: https://www.incometaxindia.gov.in/w/income-tax-act-2025-comes-into-force-from-1st-april-2026 | Income Tax Department - New Act transition FAQs: https://www.incometax.gov.in/iec/foportal/help/all-topics/e-filing-services/objective-and-scope-new-act-faq | Income Tax Department - Income-tax Act 2025: https://www.incometaxindia.gov.in/income-tax-act-20251","2026-05-27","MyeCA Editorial Team - New Income Tax Law Desk","","","","Human review required: verify claims, source fit, examples, links, CTA, authorship, and visible body; then record approval in the CMS or source context."
"P3","/blog/income-tax-act-2025-new-tax-regime-section-202-guide","blog","needs_revision","no","informational","Indian taxpayers or business owners resolving Income-tax Act 2025 Section 202 new tax regime from current rules and source records.","Income-tax Act 2025 Section 202 new tax regime","The new regime remains the default decision point for many individuals. | Old-regime deductions should not be assumed unless the taxpayer opts and qualifies. | Rebate and special-rate income need separate checking.","3","Income Tax Department - Income-tax Act 2025: https://www.incometaxindia.gov.in/income-tax-act-20251 | Income Tax Department - Income-tax Act, 2025 PDF: https://www.incometaxindia.gov.in/documents/d/guest/income_tax_act_2025_as_amended_by_fa_act_2026-pdf | Income Tax Department - Budget 2025 income tax FAQs: https://www.incometaxindia.gov.in/news/faqs-on-budget-2025.pdf","2026-05-27","MyeCA Editorial Team - New Income Tax Law Desk","","","","Human review required: verify claims, source fit, examples, links, CTA, authorship, and visible body; then record approval in the CMS or source context."
"P3","/blog/income-tax-rules-2026-new-forms-transition-checklist","blog","needs_revision","no","informational","Individual taxpayers using Taxpayers should verify the form, period, and law before filing and Old references in internal checklists should be updated carefully to The 2026 Rules introduce new form numbering and mapping before reporting Income-tax Rules 2026 new forms.","Income-tax Rules 2026 new forms","The 2026 Rules introduce new form numbering and mapping. | Taxpayers should verify the form, period, and law before filing. | Old references in internal checklists should be updated carefully.","3","Income Tax Department - Income-tax Rules, 2026 notification: https://www.incometaxindia.gov.in/w/notification-no.-22/2026-f.-no.-370142/41/2025-tpl-/-g.s.r.-198-e- | Income Tax Department - Forms under the 2025 Act: https://www.incometax.gov.in/iec/foportal/help/all-topics/e-filing-services/income-tax-forms | Income Tax Department - Guide to 2025 Act forms: https://www.incometax.gov.in/iec/foportal/sites/default/files/2026-03/Guide%20to%20IT%20Act%202025%20forms.pdf","2026-05-27","MyeCA Editorial Team - New Income Tax Law Desk","","","","Human review required: verify claims, source fit, examples, links, CTA, authorship, and visible body; then record approval in the CMS or source context."
"P3","/blog/investment-advisory-risk-profile-suitability-readiness","blog","needs_revision","no","informational","Indian taxpayers or business owners resolving investment advisory from current rules and source records.","investment advisory","Advisory work should document goals and risk profile. | Suitability matters more than product popularity. | Service boundaries and conflicts should be clear.","2","SEBI Investor - Investment Advisors: https://investor.sebi.gov.in/investment_advisor.html | SEBI Investment Advisers Regulations: https://www.sebi.gov.in/legal/regulations/feb-2025/securities-and-exchange-board-of-india-investment-advisers-regulations-2013-last-amended-on-february-10-2025-_92319.html","2026-05-27","MyeCA Editorial Team - Financial Planning Readiness Desk","","","","Human review required: verify claims, source fit, examples, links, CTA, authorship, and visible body; then record approval in the CMS or source context."
"P3","/blog/iso-certification-readiness-guide-small-businesses","blog","needs_revision","no","informational","Small-business owners and process teams preparing scope, records, and ownership for an ISO certification review.","ISO certification","Certification scope should be defined before document work begins. | Quality records and process ownership matter more than generic templates. | MyeCA supports readiness and documentation, not certification issuance.","1","BIS Management Systems Certification: https://www.bis.gov.in/management-systems-certification/","2026-05-27","MyeCA Editorial Team - Certification Readiness Desk","","","","Human review required: verify claims, source fit, examples, links, CTA, authorship, and visible body; then record approval in the CMS or source context."
"P3","/blog/itr-1-online-filing-enabled-ay-2026-27","blog","needs_revision","no","informational","Salaried taxpayers checking whether their AY 2026-27 income and exclusions fit ITR-1.","ITR-1 AY 2026-27","ITR-1 utility was released for AY 2026-27. | Eligibility depends on income type and exclusions. | Check AIS and Form 26AS before filing.","3","Income Tax Department - Downloads for AY 2026-27 ITR utilities: https://www.incometax.gov.in/iec/foportal/downloads/income-tax-returns | Income Tax Department - Salaried Individuals AY 2026-27: https://www.incometax.gov.in/iec/foportal/help/individual/return-applicable-1 | Income Tax Department - e-Verify FAQs: https://www.incometax.gov.in/iec/foportal/help/e-filing-e-verify-your-return-faq","2026-05-27","MyeCA Editorial Team - ITR Filing Desk","","","","Human review required: verify claims, source fit, examples, links, CTA, authorship, and visible body; then record approval in the CMS or source context."
"P3","/blog/itr-2-checklist-capital-gains-foreign-assets-ay-2026-27","blog","needs_revision","no","informational","Investors and traders calculating and reporting ITR-2 checklist AY 2026-27 from broker, sale, and cost records.","ITR-2 checklist AY 2026-27","ITR-2 is for non-business cases not eligible for ITR-1. | Capital gains need broker and AIS reconciliation. | Foreign assets require careful disclosure review.","3","Income Tax Department - Salaried Individuals AY 2026-27: https://www.incometax.gov.in/iec/foportal/help/individual/return-applicable-1 | Income Tax Department - Downloads for AY 2026-27 ITR utilities: https://www.incometax.gov.in/iec/foportal/downloads/income-tax-returns | Income Tax Department - Tax Credit Mismatch FAQs: https://www.incometax.gov.in/iec/foportal/node/11487","2026-05-27","MyeCA Editorial Team - ITR Filing Desk","","","","Human review required: verify claims, source fit, examples, links, CTA, authorship, and visible body; then record approval in the CMS or source context."
"P3","/blog/itr-3-checklist-business-fno-profession-ay-2026-27","blog","needs_revision","no","informational","Freelancers and owner-managed businesses using F&O and intraday need classification review and Books, audit, and loss treatment should be checked early to ITR-3 handles business or profession income before finalising the return.","ITR-3 checklist AY 2026-27","ITR-3 handles business or profession income. | F&O and intraday need classification review. | Books, audit, and loss treatment should be checked early.","3","Income Tax Department - Salaried Individuals AY 2026-27: https://www.incometax.gov.in/iec/foportal/help/individual/return-applicable-1 | Income Tax Department - Downloads for AY 2026-27 ITR utilities: https://www.incometax.gov.in/iec/foportal/downloads/income-tax-returns | Income Tax Department - Income Tax Returns FAQs: https://www.incometax.gov.in/iec/foportal/help/all-topics/e-filing-services/%20income%20tax%20returns-faq","2026-05-27","MyeCA Editorial Team - ITR Filing Desk","","","","Human review required: verify claims, source fit, examples, links, CTA, authorship, and visible body; then record approval in the CMS or source context."
"P3","/blog/itr-4-online-filing-enabled-ay-2026-27","blog","needs_revision","no","informational","Freelancers and owner-managed businesses using Business facts can move the taxpayer to ITR-3 and TDS and receipts must be reconciled to ITR-4 is optional and only for eligible presumptive cases before finalising the return.","ITR-4 AY 2026-27","ITR-4 is optional and only for eligible presumptive cases. | Business facts can move the taxpayer to ITR-3. | TDS and receipts must be reconciled.","3","Income Tax Department - Downloads for AY 2026-27 ITR utilities: https://www.incometax.gov.in/iec/foportal/downloads/income-tax-returns | Income Tax Department - Salaried Individuals AY 2026-27: https://www.incometax.gov.in/iec/foportal/help/individual/return-applicable-1 | Income Tax Department - Tax Credit Mismatch FAQs: https://www.incometax.gov.in/iec/foportal/node/11487","2026-05-27","MyeCA Editorial Team - ITR Filing Desk","","","","Human review required: verify claims, source fit, examples, links, CTA, authorship, and visible body; then record approval in the CMS or source context."
"P3","/blog/itr-filing-mistakes-to-avoid","blog","needs_revision","no","informational","Individuals reviewing income, tax credits, bank details, and verification steps before filing an ITR.","ITR mistakes","Do not file using Form 16 alone; review AIS and Form 26AS. | Choose the right ITR form based on all income sources. | Check bank account validation before expecting a refund. | Save computation and supporting documents after filing.","3","Income Tax Department - Income Tax Returns FAQs: https://www.incometax.gov.in/iec/foportal/help/all-topics/e-filing-services/%20income%20tax%20returns-faq | Income Tax Department - Salaried Individuals AY 2026-27: https://www.incometax.gov.in/iec/foportal/help/individual/return-applicable-1 | Income Tax Department - AIS Guidance: https://www.incometax.gov.in/iec/foportal/help/all-topics/e-filing-services/ais-annual-information-statement","2026-04-12","MyeCA Editorial Team - ITR Review Desk","","","","Human review required: verify claims, source fit, examples, links, CTA, authorship, and visible body; then record approval in the CMS or source context."
"P3","/blog/itr-form-changes-ay-2026-27","blog","needs_revision","no","informational","Taxpayers checking whether AY 2026-27 form changes affect their return selection and disclosures.","ITR form changes","Do not copy last year's form blindly. | Income mix decides form choice. | Foreign assets and capital gains are common form changers.","5","Income Tax Department - Income Tax Returns FAQs: https://www.incometax.gov.in/iec/foportal/help/all-topics/e-filing-services/%20income%20tax%20returns-faq | Income Tax Department - Salaried Individuals AY 2026-27: https://www.incometax.gov.in/iec/foportal/help/individual/return-applicable-1 | Income Tax Department - Income Tax Act 2025 Transition FAQs: https://www.incometax.gov.in/iec/foportal/help/all-topics/e-filing-services/objective-and-scope-new-act-faq | Income Tax Department - AIS Guidance: https://www.incometax.gov.in/iec/foportal/help/all-topics/e-filing-services/ais-annual-information-statement | Income Tax Department - AIS and Form 26AS FAQs: https://www.incometax.gov.in/iec/foportal/sites/default/files/2022-07/Click%20Here_1.pdf","2026-05-05","MyeCA Editorial Team - ITR Filing Desk","","","","Human review required: verify claims, source fit, examples, links, CTA, authorship, and visible body; then record approval in the CMS or source context."
"P3","/blog/itr-form-selection-master-guide-ay-2026-27","blog","needs_revision","no","informational","Individuals choosing an AY 2026-27 ITR form from their complete income and disclosure profile.","ITR form selection AY 2026-27","Start with income heads, not convenience. | Capital gains, business income, and foreign assets can change the form. | Simpler forms are useful only when eligibility fits.","3","Income Tax Department - Downloads for AY 2026-27 ITR utilities: https://www.incometax.gov.in/iec/foportal/downloads/income-tax-returns | Income Tax Department - Salaried Individuals AY 2026-27: https://www.incometax.gov.in/iec/foportal/help/individual/return-applicable-1 | Income Tax Department - Income Tax Returns FAQs: https://www.incometax.gov.in/iec/foportal/help/all-topics/e-filing-services/%20income%20tax%20returns-faq","2026-05-27","MyeCA Editorial Team - ITR Filing Desk","","","","Human review required: verify claims, source fit, examples, links, CTA, authorship, and visible body; then record approval in the CMS or source context."
"P3","/blog/labour-law-epfo-esic-compliance-starter-checklist","blog","needs_revision","no","informational","Employers and payroll teams checking labour-law, EPFO, and ESIC obligations as hiring and wages change.","labour law compliance","Applicability should be reviewed when hiring or wage structures change. | Employee master data is the base of payroll compliance. | Monthly challans and returns should be archived with payroll records.","2","Shram Suvidha Portal: https://www.labour.gov.in/en/shram-suvidha-portal | Shram Suvidha Registration: https://registration.shramsuvidha.gov.in/user/register","2026-05-27","MyeCA Editorial Team - Payroll Compliance Desk","","","","Human review required: verify claims, source fit, examples, links, CTA, authorship, and visible body; then record approval in the CMS or source context."
"P3","/blog/ltcg-section-112a-itr-1-itr-4-ay-2026-27","blog","needs_revision","no","informational","Investors and traders calculating and reporting section 112A ITR-1 AY 2026-27 from broker, sale, and cost records.","section 112A ITR-1 AY 2026-27","Limited section 112A LTCG is not a blanket simplified-form permission. | Losses and other gains can change the form. | Broker statements must support the numbers.","3","Income Tax Department - Downloads for AY 2026-27 ITR utilities: https://www.incometax.gov.in/iec/foportal/downloads/income-tax-returns | Income Tax Department - Salaried Individuals AY 2026-27: https://www.incometax.gov.in/iec/foportal/help/individual/return-applicable-1 | Income Tax Department - Tax Credit Mismatch FAQs: https://www.incometax.gov.in/iec/foportal/node/11487","2026-05-27","MyeCA Editorial Team - ITR Filing Desk","","","","Human review required: verify claims, source fit, examples, links, CTA, authorship, and visible body; then record approval in the CMS or source context."
"P3","/blog/mat-amt-credit-income-tax-act-2025-transition-guide","blog","needs_revision","no","informational","Freelancers and owner-managed businesses using Old computations and assessment orders remain important evidence and Finance teams should maintain a credit movement schedule to MAT and AMT credit balances should be reconciled before new-period filing before finalising the return.","MAT AMT credit Income-tax Act 2025 transition","MAT and AMT credit balances should be reconciled before new-period filing. | Old computations and assessment orders remain important evidence. | Finance teams should maintain a credit movement schedule.","3","Income Tax Department - Income-tax Act, 2025 PDF: https://www.incometaxindia.gov.in/documents/d/guest/income_tax_act_2025_as_amended_by_fa_act_2026-pdf | Income Tax Department - New Act transition FAQs: https://www.incometax.gov.in/iec/foportal/help/all-topics/e-filing-services/objective-and-scope-new-act-faq | Income Tax Department - Tax payments under the 2025 Act: https://www.incometax.gov.in/iec/foportal/help/all-topics/e-filing-services/guide-to-tax-payments-under-the-income-tax-act-2025-faq","2026-05-27","MyeCA Editorial Team - New Income Tax Law Desk","","","","Human review required: verify claims, source fit, examples, links, CTA, authorship, and visible body; then record approval in the CMS or source context."
"P3","/blog/msme-udyam-registration-subsidy-readiness-guide","blog","needs_revision","no","informational","MSME owners using Udyam registration details to assess a specific subsidy or support application.","MSME Udyam registration","Udyam registration supports MSME identity but does not itself approve a subsidy. | Scheme readiness depends on clean KYC, registrations, banking, invoices, and project documents. | MyeCA can help organize the file before an official scheme application is submitted.","2","Udyam Registration Portal: https://udyamregistration.gov.in/ | Startup India Seed Fund Scheme: https://seedfund.startupindia.gov.in/home","2026-05-27","MyeCA Editorial Team - Business Compliance Desk","","","","Human review required: verify claims, source fit, examples, links, CTA, authorship, and visible body; then record approval in the CMS or source context."
"P3","/blog/multiple-form-16-job-change-itr-ay-2026-27","blog","needs_revision","no","informational","Indian taxpayers or business owners resolving multiple Form 16 AY 2026-27 from current rules and source records.","multiple Form 16 AY 2026-27","Combine all employers, not just the latest employer. | Different regime declarations can affect TDS but not replace final computation. | AIS and Form 26AS should match total TDS.","2","Income Tax Department - Salaried Individuals AY 2026-27: https://www.incometax.gov.in/iec/foportal/help/individual/return-applicable-1 | Income Tax Department - Tax Credit Mismatch FAQs: https://www.incometax.gov.in/iec/foportal/node/11487","2026-05-27","MyeCA Editorial Team - ITR Filing Desk","","","","Human review required: verify claims, source fit, examples, links, CTA, authorship, and visible body; then record approval in the CMS or source context."
"P3","/blog/mye-ca-complete-tax-filing-playbook","blog","needs_revision","no","informational","Indian taxpayers or business owners resolving MyeCA from current rules and source records.","MyeCA","Start with Form 16, AIS, Form 26AS, bank statements, and investment proofs. | Choose the ITR form based on income profile, not guesswork. | Reconcile TDS before claiming refunds. | Use CA review for capital gains, business income, foreign assets, or large refunds.","3","Income Tax Department - Income Tax Returns FAQs: https://www.incometax.gov.in/iec/foportal/help/all-topics/e-filing-services/%20income%20tax%20returns-faq | Income Tax Department - Salaried Individuals AY 2026-27: https://www.incometax.gov.in/iec/foportal/help/individual/return-applicable-1 | Income Tax Department - AIS Guidance: https://www.incometax.gov.in/iec/foportal/help/all-topics/e-filing-services/ais-annual-information-statement","2026-04-12","MyeCA Editorial Team - Tax Filing Desk","","","","Human review required: verify claims, source fit, examples, links, CTA, authorship, and visible body; then record approval in the CMS or source context."
"P3","/blog/mye-ca-document-vault-guide","blog","needs_revision","no","informational","Indian taxpayers or business owners resolving documents from current rules and source records.","documents","Use one financial-year folder with clear document categories. | Name files consistently so they are searchable during CA review. | Keep post-filing records such as ITR acknowledgement, computation, and challans.","3","Income Tax Department - Income Tax Returns FAQs: https://www.incometax.gov.in/iec/foportal/help/all-topics/e-filing-services/%20income%20tax%20returns-faq | Income Tax Department - Salaried Individuals AY 2026-27: https://www.incometax.gov.in/iec/foportal/help/individual/return-applicable-1 | Income Tax Department - AIS Guidance: https://www.incometax.gov.in/iec/foportal/help/all-topics/e-filing-services/ais-annual-information-statement","2026-04-12","MyeCA Editorial Team - Document & Compliance Desk","","","","Human review required: verify claims, source fit, examples, links, CTA, authorship, and visible body; then record approval in the CMS or source context."
"P3","/blog/new-tax-regime-default-how-to-opt-old-ay-2026-27","blog","needs_revision","no","informational","Indian taxpayers or business owners resolving new tax regime default AY 2026-27 from current rules and source records.","new tax regime default AY 2026-27","Default regime does not remove comparison. | Old regime needs deduction evidence. | Business taxpayers need stricter review.","2","Income Tax Department - Salaried Individuals AY 2026-27: https://www.incometax.gov.in/iec/foportal/help/individual/return-applicable-1 | Income Tax Department - Income Tax Returns FAQs: https://www.incometax.gov.in/iec/foportal/help/all-topics/e-filing-services/%20income%20tax%20returns-faq","2026-05-27","MyeCA Editorial Team - ITR Filing Desk","","","","Human review required: verify claims, source fit, examples, links, CTA, authorship, and visible body; then record approval in the CMS or source context."
"P3","/blog/new-vs-old-regime-salary-fy-2025-26","blog","needs_revision","no","informational","Indian taxpayers or business owners resolving new vs old regime from current rules and source records.","new vs old regime","There is no universal winner. | HRA is often the deciding old-regime benefit. | Use final numbers before filing.","5","Income Tax Department - Income Tax Returns FAQs: https://www.incometax.gov.in/iec/foportal/help/all-topics/e-filing-services/%20income%20tax%20returns-faq | Income Tax Department - Salaried Individuals AY 2026-27: https://www.incometax.gov.in/iec/foportal/help/individual/return-applicable-1 | Income Tax Department - Income Tax Act 2025 Transition FAQs: https://www.incometax.gov.in/iec/foportal/help/all-topics/e-filing-services/objective-and-scope-new-act-faq | Income Tax Department - AIS Guidance: https://www.incometax.gov.in/iec/foportal/help/all-topics/e-filing-services/ais-annual-information-statement | Income Tax Department - AIS and Form 26AS FAQs: https://www.incometax.gov.in/iec/foportal/sites/default/files/2022-07/Click%20Here_1.pdf","2026-05-05","MyeCA Editorial Team - ITR Filing Desk","","","","Human review required: verify claims, source fit, examples, links, CTA, authorship, and visible body; then record approval in the CMS or source context."
"P3","/blog/nri-rnor-resident-status-itr-ay-2026-27","blog","needs_revision","no","informational","Residents, NRIs, and RNOR taxpayers using Foreign assets and income can change the form and Schedule FA and foreign tax credit need records to Residential status is a first-step decision for NRI RNOR resident status ITR.","NRI RNOR resident status ITR","Residential status is a first-step decision. | Foreign assets and income can change the form. | Schedule FA and foreign tax credit need records.","3","Income Tax Department - Salaried Individuals AY 2026-27: https://www.incometax.gov.in/iec/foportal/help/individual/return-applicable-1 | Income Tax Department - Income Tax Returns FAQs: https://www.incometax.gov.in/iec/foportal/help/all-topics/e-filing-services/%20income%20tax%20returns-faq | Income Tax Department - Tax Credit Mismatch FAQs: https://www.incometax.gov.in/iec/foportal/node/11487","2026-05-27","MyeCA Editorial Team - ITR Filing Desk","","","","Human review required: verify claims, source fit, examples, links, CTA, authorship, and visible body; then record approval in the CMS or source context."
"P3","/blog/old-regime-useful-hra-80c-80d-nps-home-loan","blog","needs_revision","no","informational","Indian taxpayers or business owners resolving old tax regime from current rules and source records.","old tax regime","Old regime is not automatically worse. | HRA can be decisive. | Proof quality matters.","5","Income Tax Department - Income Tax Returns FAQs: https://www.incometax.gov.in/iec/foportal/help/all-topics/e-filing-services/%20income%20tax%20returns-faq | Income Tax Department - Salaried Individuals AY 2026-27: https://www.incometax.gov.in/iec/foportal/help/individual/return-applicable-1 | Income Tax Department - Income Tax Act 2025 Transition FAQs: https://www.incometax.gov.in/iec/foportal/help/all-topics/e-filing-services/objective-and-scope-new-act-faq | Income Tax Department - AIS Guidance: https://www.incometax.gov.in/iec/foportal/help/all-topics/e-filing-services/ais-annual-information-statement | Income Tax Department - AIS and Form 26AS FAQs: https://www.incometax.gov.in/iec/foportal/sites/default/files/2022-07/Click%20Here_1.pdf","2026-05-05","MyeCA Editorial Team - ITR Filing Desk","","","","Human review required: verify claims, source fit, examples, links, CTA, authorship, and visible body; then record approval in the CMS or source context."
"P3","/blog/old-tax-dues-refunds-recovery-income-tax-act-2025","blog","needs_revision","no","informational","Taxpayers using Demand, rectification, appeal, and refund records should be preserved and Taxpayers should reconcile portal balances before assuming the next return result to Old-period dues and refunds should be tracked separately from new-period compliance before filing or responding for old tax dues refunds recovery Income-tax Act 2025.","old tax dues refunds recovery Income-tax Act 2025","Old-period dues and refunds should be tracked separately from new-period compliance. | Demand, rectification, appeal, and refund records should be preserved. | Taxpayers should reconcile portal balances before assuming the next return result.","3","Income Tax Department - New Act transition FAQs: https://www.incometax.gov.in/iec/foportal/help/all-topics/e-filing-services/objective-and-scope-new-act-faq | Income Tax Department - Tax payments under the 2025 Act: https://www.incometax.gov.in/iec/foportal/help/all-topics/e-filing-services/guide-to-tax-payments-under-the-income-tax-act-2025-faq | Income Tax Department - Reassessment under 2025 Act: https://www.incometax.gov.in/iec/foportal/help/all-topics/e-filing-services/reassessment-under-the-income-tax-act-2025-faq","2026-05-27","MyeCA Editorial Team - New Income Tax Law Desk","","","","Human review required: verify claims, source fit, examples, links, CTA, authorship, and visible body; then record approval in the CMS or source context."
"P3","/blog/pan-card-application-correction-business-pan-readiness","blog","needs_revision","no","informational","Founders and finance teams applying for or correcting a PAN used across tax, banking, and business records.","PAN card assistance","PAN details should match bank, GST, MCA, Udyam, and tax records. | Business PAN requirements differ by entity type. | Correction work should preserve acknowledgement and updated proof.","2","Income Tax Department - Instant e-PAN: https://www.incometax.gov.in/iec/foportal/help/all-topics/e-filing-services/instant-e-pan?mobile-app=1 | Income Tax Forms FAQs: https://www.incometax.gov.in/iec/foportal/help/all-topics/e-filing-services/%20income%20tax%20forms-faq?mobile-app=1","2026-05-27","MyeCA Editorial Team - Identity Compliance Desk","","","","Human review required: verify claims, source fit, examples, links, CTA, authorship, and visible body; then record approval in the CMS or source context."
"P3","/blog/pan-tan-new-forms-income-tax-rules-2026-guide","blog","needs_revision","no","informational","Individual taxpayers using New form references require careful portal and period checks and Deductors should update internal onboarding checklists to PAN and TAN records should match legal name, address, and deductor data before reporting PAN TAN new forms Income-tax Rules 2026.","PAN TAN new forms Income-tax Rules 2026","PAN and TAN records should match legal name, address, and deductor data. | New form references require careful portal and period checks. | Deductors should update internal onboarding checklists.","3","Income Tax Department - Forms under the 2025 Act: https://www.incometax.gov.in/iec/foportal/help/all-topics/e-filing-services/income-tax-forms | Income Tax Department - Guide to 2025 Act forms: https://www.incometax.gov.in/iec/foportal/sites/default/files/2026-03/Guide%20to%20IT%20Act%202025%20forms.pdf | Income Tax Department - Income-tax Rules, 2026 notification: https://www.incometaxindia.gov.in/w/notification-no.-22/2026-f.-no.-370142/41/2025-tpl-/-g.s.r.-198-e-","2026-05-27","MyeCA Editorial Team - New Income Tax Law Desk","","","","Human review required: verify claims, source fit, examples, links, CTA, authorship, and visible body; then record approval in the CMS or source context."
"P3","/blog/partnership-deed-founder-agreement-legal-document-checklist","blog","needs_revision","no","informational","Partners and co-founders documenting ownership, contributions, decisions, intellectual property, and exit terms.","partnership deed","Written terms reduce ambiguity around roles, money, ownership, and exits. | Founder agreements should address IP, confidentiality, vesting, and decision rights. | Document readiness depends on entity type, state rules, tax position, and business plan.","2","India Code: https://www.indiacode.nic.in/ | MCA Portal: https://www.mca.gov.in/","2026-05-27","MyeCA Editorial Team - Business Legal Desk","","","","Human review required: verify claims, source fit, examples, links, CTA, authorship, and visible body; then record approval in the CMS or source context."
"P3","/blog/pending-assessment-appeal-under-old-act-after-april-2026","blog","needs_revision","no","informational","Taxpayers using The applicable law, year, and notice section should be checked before replying and Do not merge old appeal issues into current-year return working papers to Pending old-year proceedings need their own document folder before filing or responding for pending assessment appeal old Act after April 2026.","pending assessment appeal old Act after April 2026","Pending old-year proceedings need their own document folder. | The applicable law, year, and notice section should be checked before replying. | Do not merge old appeal issues into current-year return working papers.","3","Income Tax Department - New Act transition FAQs: https://www.incometax.gov.in/iec/foportal/help/all-topics/e-filing-services/objective-and-scope-new-act-faq | Income Tax Department - Reassessment under 2025 Act: https://www.incometax.gov.in/iec/foportal/help/all-topics/e-filing-services/reassessment-under-the-income-tax-act-2025-faq | Income Tax Department - Income-tax Act, 2025 PDF: https://www.incometaxindia.gov.in/documents/d/guest/income_tax_act_2025_as_amended_by_fa_act_2026-pdf","2026-05-27","MyeCA Editorial Team - New Income Tax Law Desk","","","","Human review required: verify claims, source fit, examples, links, CTA, authorship, and visible body; then record approval in the CMS or source context."
"P3","/blog/professional-income-44ada-itr-4-ay-2026-27","blog","needs_revision","no","informational","Freelancers and owner-managed businesses using Receipts and profession type matter and TDS and GST records should reconcile to 44ADA is not for every freelancer before finalising the return.","44ADA ITR-4 AY 2026-27","44ADA is not for every freelancer. | Receipts and profession type matter. | TDS and GST records should reconcile.","3","Income Tax Department - Downloads for AY 2026-27 ITR utilities: https://www.incometax.gov.in/iec/foportal/downloads/income-tax-returns | Income Tax Department - Salaried Individuals AY 2026-27: https://www.incometax.gov.in/iec/foportal/help/individual/return-applicable-1 | Income Tax Department - Tax Credit Mismatch FAQs: https://www.incometax.gov.in/iec/foportal/node/11487","2026-05-27","MyeCA Editorial Team - ITR Filing Desk","","","","Human review required: verify claims, source fit, examples, links, CTA, authorship, and visible body; then record approval in the CMS or source context."
"P3","/blog/professional-tax-registration-return-state-compliance-checklist","blog","needs_revision","no","informational","Employers and professionals checking state-specific professional-tax registration, deductions, payments, and returns.","professional tax registration","Professional tax rules vary by state. | Payroll data should support deductions and payments. | Challans, returns, and certificates should be archived by period.","2","Karnataka Professional Tax Portal: https://ctax.karnataka.gov.in/ | National Government Services Portal - Profession Tax Registration: https://services.india.gov.in/service/detail/profession-tax-registration-in-andhra-pradesh","2026-05-27","MyeCA Editorial Team - Payroll Compliance Desk","","","","Human review required: verify claims, source fit, examples, links, CTA, authorship, and visible body; then record approval in the CMS or source context."
"P3","/blog/reassessment-sections-279-286-income-tax-act-2025-guide","blog","needs_revision","no","informational","Taxpayers using Information relied on by the department should be matched to records and Old-period reassessment needs careful law and year tagging to Reassessment response should start with notice identification and timeline before filing or responding for reassessment sections 279 286 Income-tax Act 2025.","reassessment sections 279 286 Income-tax Act 2025","Reassessment response should start with notice identification and timeline. | Information relied on by the department should be matched to records. | Old-period reassessment needs careful law and year tagging.","3","Income Tax Department - Reassessment under 2025 Act: https://www.incometax.gov.in/iec/foportal/help/all-topics/e-filing-services/reassessment-under-the-income-tax-act-2025-faq | Income Tax Department - Income-tax Act, 2025 PDF: https://www.incometaxindia.gov.in/documents/d/guest/income_tax_act_2025_as_amended_by_fa_act_2026-pdf | Income Tax Department - New Act transition FAQs: https://www.incometax.gov.in/iec/foportal/help/all-topics/e-filing-services/objective-and-scope-new-act-faq","2026-05-27","MyeCA Editorial Team - New Income Tax Law Desk","","","","Human review required: verify claims, source fit, examples, links, CTA, authorship, and visible body; then record approval in the CMS or source context."
"P3","/blog/received-foreign-asset-email-revise-itr","blog","needs_revision","no","informational","Residents, NRIs, and RNOR taxpayers using Residential status is the first filter and Schedule FA omissions need expert review to Foreign asset emails should be taken seriously for foreign asset email.","foreign asset email","Foreign asset emails should be taken seriously. | Residential status is the first filter. | Schedule FA omissions need expert review.","5","Income Tax Department - Income Tax Returns FAQs: https://www.incometax.gov.in/iec/foportal/help/all-topics/e-filing-services/%20income%20tax%20returns-faq | Income Tax Department - Salaried Individuals AY 2026-27: https://www.incometax.gov.in/iec/foportal/help/individual/return-applicable-1 | Income Tax Department - Income Tax Act 2025 Transition FAQs: https://www.incometax.gov.in/iec/foportal/help/all-topics/e-filing-services/objective-and-scope-new-act-faq | Income Tax Department - AIS Guidance: https://www.incometax.gov.in/iec/foportal/help/all-topics/e-filing-services/ais-annual-information-statement | Income Tax Department - AIS and Form 26AS FAQs: https://www.incometax.gov.in/iec/foportal/sites/default/files/2022-07/Click%20Here_1.pdf","2026-05-05","MyeCA Editorial Team - ITR Filing Desk","","","","Human review required: verify claims, source fit, examples, links, CTA, authorship, and visible body; then record approval in the CMS or source context."
"P3","/blog/refund-bank-validation-failed-ay-2026-27","blog","needs_revision","no","informational","Taxpayers using Tax credit matching still matters and Bank validation is separate from tax computation to Refund needs a valid bank path before filing or responding for refund bank validation failed.","refund bank validation failed","Refund needs a valid bank path. | Tax credit matching still matters. | Bank validation is separate from tax computation.","2","Income Tax Department - e-Verify FAQs: https://www.incometax.gov.in/iec/foportal/help/e-filing-e-verify-your-return-faq | Income Tax Department - Tax Credit Mismatch FAQs: https://www.incometax.gov.in/iec/foportal/node/11487","2026-05-27","MyeCA Editorial Team - ITR Filing Desk","","","","Human review required: verify claims, source fit, examples, links, CTA, authorship, and visible body; then record approval in the CMS or source context."
"P3","/blog/representative-filing-deceased-taxpayer-itr-ay-2026-27","blog","needs_revision","no","informational","Legal heirs and representatives preparing an AY 2026-27 return for a deceased taxpayer.","representative filing deceased taxpayer ITR","Representative filing needs authority and records. | Income up to the relevant date should be compiled carefully. | Verification and bank details need extra care.","3","Income Tax Department - Downloads for AY 2026-27 ITR utilities: https://www.incometax.gov.in/iec/foportal/downloads/income-tax-returns | Income Tax Department - e-Verify FAQs: https://www.incometax.gov.in/iec/foportal/help/e-filing-e-verify-your-return-faq | Income Tax Department - Income Tax Returns FAQs: https://www.incometax.gov.in/iec/foportal/help/all-topics/e-filing-services/%20income%20tax%20returns-faq","2026-05-27","MyeCA Editorial Team - ITR Filing Desk","","","","Human review required: verify claims, source fit, examples, links, CTA, authorship, and visible body; then record approval in the CMS or source context."
"P3","/blog/revised-return-after-december-fee-234i-ay-2026-27","blog","needs_revision","no","informational","Taxpayers using Official FAQ discusses AY 2026-27 correction windows and Post-December revision may have fee implications to Revised return is different from belated return and ITR-U before filing or responding for revised return AY 2026-27 234I.","revised return AY 2026-27 234I","Revised return is different from belated return and ITR-U. | Official FAQ discusses AY 2026-27 correction windows. | Post-December revision may have fee implications.","2","Income Tax Department - Income Tax Returns FAQs: https://www.incometax.gov.in/iec/foportal/help/all-topics/e-filing-services/%20income%20tax%20returns-faq | Income Tax Department - e-Verify FAQs: https://www.incometax.gov.in/iec/foportal/help/e-filing-e-verify-your-return-faq","2026-05-27","MyeCA Editorial Team - ITR Filing Desk","","","","Human review required: verify claims, source fit, examples, links, CTA, authorship, and visible body; then record approval in the CMS or source context."
"P3","/blog/salary-16-lakh-tax-only-extra-4-lakh","blog","needs_revision","no","informational","Individual taxpayers using Rebate eligibility can change sharply and Use taxable income, not salary headline to Slab tax is applied progressively before reporting salary tax.","salary tax","Slab tax is applied progressively. | Rebate eligibility can change sharply. | Use taxable income, not salary headline.","5","Income Tax Department - Income Tax Returns FAQs: https://www.incometax.gov.in/iec/foportal/help/all-topics/e-filing-services/%20income%20tax%20returns-faq | Income Tax Department - Salaried Individuals AY 2026-27: https://www.incometax.gov.in/iec/foportal/help/individual/return-applicable-1 | Income Tax Department - Income Tax Act 2025 Transition FAQs: https://www.incometax.gov.in/iec/foportal/help/all-topics/e-filing-services/objective-and-scope-new-act-faq | Income Tax Department - AIS Guidance: https://www.incometax.gov.in/iec/foportal/help/all-topics/e-filing-services/ais-annual-information-statement | Income Tax Department - AIS and Form 26AS FAQs: https://www.incometax.gov.in/iec/foportal/sites/default/files/2022-07/Click%20Here_1.pdf","2026-05-05","MyeCA Editorial Team - ITR Filing Desk","","","","Human review required: verify claims, source fit, examples, links, CTA, authorship, and visible body; then record approval in the CMS or source context."
"P3","/blog/salary-tax-guide-fy-2025-26-ay-2026-27","blog","needs_revision","no","informational","Indian taxpayers or business owners resolving salary tax guide AY 2026-27 from current rules and source records.","salary tax guide AY 2026-27","Form 16 is the starting point, not the whole return. | Regime comparison should use final taxable income. | AIS and Form 26AS can show income outside payroll.","3","Income Tax Department - Salaried Individuals AY 2026-27: https://www.incometax.gov.in/iec/foportal/help/individual/return-applicable-1 | Income Tax Department - Tax Credit Mismatch FAQs: https://www.incometax.gov.in/iec/foportal/node/11487 | Income Tax Department - e-Verify FAQs: https://www.incometax.gov.in/iec/foportal/help/e-filing-e-verify-your-return-faq","2026-05-27","MyeCA Editorial Team - ITR Filing Desk","","","","Human review required: verify claims, source fit, examples, links, CTA, authorship, and visible body; then record approval in the CMS or source context."
"P3","/blog/schedule-fa-calendar-year-or-financial-year","blog","needs_revision","no","informational","Residents, NRIs, and RNOR taxpayers using Read each table before calculating and Keep calendar-year statements to Schedule FA period can differ from FY for Schedule FA calendar year.","Schedule FA calendar year","Schedule FA period can differ from FY. | Read each table before calculating. | Keep calendar-year statements.","5","Income Tax Department - Income Tax Returns FAQs: https://www.incometax.gov.in/iec/foportal/help/all-topics/e-filing-services/%20income%20tax%20returns-faq | Income Tax Department - Salaried Individuals AY 2026-27: https://www.incometax.gov.in/iec/foportal/help/individual/return-applicable-1 | Income Tax Department - Income Tax Act 2025 Transition FAQs: https://www.incometax.gov.in/iec/foportal/help/all-topics/e-filing-services/objective-and-scope-new-act-faq | Income Tax Department - AIS Guidance: https://www.incometax.gov.in/iec/foportal/help/all-topics/e-filing-services/ais-annual-information-statement | Income Tax Department - AIS and Form 26AS FAQs: https://www.incometax.gov.in/iec/foportal/sites/default/files/2022-07/Click%20Here_1.pdf","2026-05-05","MyeCA Editorial Team - ITR Filing Desk","","","","Human review required: verify claims, source fit, examples, links, CTA, authorship, and visible body; then record approval in the CMS or source context."
"P3","/blog/schedule-fa-foreign-bank-rsu-espp-us-stocks","blog","needs_revision","no","informational","Residents, NRIs, and RNOR taxpayers using Vested foreign shares can matter even without sale and Dormant accounts should be reviewed to Schedule FA is asset disclosure, not only income reporting for Schedule FA.","Schedule FA","Schedule FA is asset disclosure, not only income reporting. | Vested foreign shares can matter even without sale. | Dormant accounts should be reviewed.","5","Income Tax Department - Income Tax Returns FAQs: https://www.incometax.gov.in/iec/foportal/help/all-topics/e-filing-services/%20income%20tax%20returns-faq | Income Tax Department - Salaried Individuals AY 2026-27: https://www.incometax.gov.in/iec/foportal/help/individual/return-applicable-1 | Income Tax Department - Income Tax Act 2025 Transition FAQs: https://www.incometax.gov.in/iec/foportal/help/all-topics/e-filing-services/objective-and-scope-new-act-faq | Income Tax Department - AIS Guidance: https://www.incometax.gov.in/iec/foportal/help/all-topics/e-filing-services/ais-annual-information-statement | Income Tax Department - AIS and Form 26AS FAQs: https://www.incometax.gov.in/iec/foportal/sites/default/files/2022-07/Click%20Here_1.pdf","2026-05-05","MyeCA Editorial Team - ITR Filing Desk","","","","Human review required: verify claims, source fit, examples, links, CTA, authorship, and visible body; then record approval in the CMS or source context."
"P3","/blog/schedule-fa-vs-fsi-vs-tr","blog","needs_revision","no","informational","Residents, NRIs, and RNOR taxpayers using FSI is foreign-source income and TR is tax relief or credit to FA is assets for Schedule FA.","Schedule FA","FA is assets. | FSI is foreign-source income. | TR is tax relief or credit.","5","Income Tax Department - Income Tax Returns FAQs: https://www.incometax.gov.in/iec/foportal/help/all-topics/e-filing-services/%20income%20tax%20returns-faq | Income Tax Department - Salaried Individuals AY 2026-27: https://www.incometax.gov.in/iec/foportal/help/individual/return-applicable-1 | Income Tax Department - Income Tax Act 2025 Transition FAQs: https://www.incometax.gov.in/iec/foportal/help/all-topics/e-filing-services/objective-and-scope-new-act-faq | Income Tax Department - AIS Guidance: https://www.incometax.gov.in/iec/foportal/help/all-topics/e-filing-services/ais-annual-information-statement | Income Tax Department - AIS and Form 26AS FAQs: https://www.incometax.gov.in/iec/foportal/sites/default/files/2022-07/Click%20Here_1.pdf","2026-05-05","MyeCA Editorial Team - ITR Filing Desk","","","","Human review required: verify claims, source fit, examples, links, CTA, authorship, and visible body; then record approval in the CMS or source context."
"P3","/blog/section-143-1-intimation-after-itr-filing","blog","needs_revision","no","informational","Taxpayers using Demand can arise from mismatch and Compare line-by-line before acting to 143(1) is normal but must be read before filing or responding for 143(1).","143(1)","143(1) is normal but must be read. | Demand can arise from mismatch. | Compare line-by-line before acting.","5","Income Tax Department - Income Tax Returns FAQs: https://www.incometax.gov.in/iec/foportal/help/all-topics/e-filing-services/%20income%20tax%20returns-faq | Income Tax Department - Salaried Individuals AY 2026-27: https://www.incometax.gov.in/iec/foportal/help/individual/return-applicable-1 | Income Tax Department - Income Tax Act 2025 Transition FAQs: https://www.incometax.gov.in/iec/foportal/help/all-topics/e-filing-services/objective-and-scope-new-act-faq | Income Tax Department - AIS Guidance: https://www.incometax.gov.in/iec/foportal/help/all-topics/e-filing-services/ais-annual-information-statement | Income Tax Department - AIS and Form 26AS FAQs: https://www.incometax.gov.in/iec/foportal/sites/default/files/2022-07/Click%20Here_1.pdf","2026-05-05","MyeCA Editorial Team - ITR Filing Desk","","","","Human review required: verify claims, source fit, examples, links, CTA, authorship, and visible body; then record approval in the CMS or source context."
"P3","/blog/section-80c-80d-nps-old-regime-checklist-ay-2026-27","blog","needs_revision","no","informational","Indian taxpayers or business owners resolving 80C 80D NPS checklist AY 2026-27 from current rules and source records.","80C 80D NPS checklist AY 2026-27","Deduction proof matters. | Old regime should be compared, not assumed. | Do not mix old deductions with new-regime filing.","1","Income Tax Department - Salaried Individuals AY 2026-27: https://www.incometax.gov.in/iec/foportal/help/individual/return-applicable-1","2026-05-27","MyeCA Editorial Team - ITR Filing Desk","","","","Human review required: verify claims, source fit, examples, links, CTA, authorship, and visible body; then record approval in the CMS or source context."
"P3","/blog/section-87a-rebate-12-lakh-special-rate-income-ay-2026-27","blog","needs_revision","no","informational","Indian taxpayers or business owners resolving Section 87A rebate 12 lakh AY 2026-27 from current rules and source records.","Section 87A rebate 12 lakh AY 2026-27","Rebate should be checked separately from slab tax. | Special-rate income can change the result even when total income looks within the headline range. | Refund expectations should be matched with the utility and tax-credit data.","3","Income Tax Department - Finance Act 2025 highlights: https://www.incometaxindia.gov.in/news/tax_proposals_in_brief_budget_2025.pdf | Income Tax Department - Budget 2025 income tax FAQs: https://www.incometaxindia.gov.in/news/faqs-on-budget-2025.pdf | Income Tax Department - Income-tax Act, 2025 PDF: https://www.incometaxindia.gov.in/documents/d/guest/income_tax_act_2025_as_amended_by_fa_act_2026-pdf","2026-05-27","MyeCA Editorial Team - New Income Tax Law Desk","","","","Human review required: verify claims, source fit, examples, links, CTA, authorship, and visible body; then record approval in the CMS or source context."
"P3","/blog/self-assessment-tax-challan-2025-act-payment-guide","blog","needs_revision","no","informational","Taxpayers preparing a self-assessment-tax payment and checking the year, tax type, amount, and challan details.","self assessment tax challan 2025 Act","Payment should be made under the correct year and tax type. | Challan details must match the return computation. | A wrong challan should be resolved before relying on credit.","2","Income Tax Department - Tax payments under the 2025 Act: https://www.incometax.gov.in/iec/foportal/help/all-topics/e-filing-services/guide-to-tax-payments-under-the-income-tax-act-2025-faq | Income Tax Department - New Act transition FAQs: https://www.incometax.gov.in/iec/foportal/help/all-topics/e-filing-services/objective-and-scope-new-act-faq","2026-05-27","MyeCA Editorial Team - New Income Tax Law Desk","","","","Human review required: verify claims, source fit, examples, links, CTA, authorship, and visible body; then record approval in the CMS or source context."
"P3","/blog/self-assessment-tax-challan-act-1961-ay-2026-27","blog","needs_revision","no","informational","Individual taxpayers using Challan details should match PAN and return and Credit should be checked in tax records to AY 2026-27 self-assessment tax uses the 1961 Act payment route before reporting self assessment tax challan AY 2026-27.","self assessment tax challan AY 2026-27","AY 2026-27 self-assessment tax uses the 1961 Act payment route. | Challan details should match PAN and return. | Credit should be checked in tax records.","2","Income Tax Department - General Questions on tax payments: https://www.incometax.gov.in/iec/foportal/help/all-topics/e-filing-services/General%20Questions-faqs | Income Tax Department - Tax Credit Mismatch FAQs: https://www.incometax.gov.in/iec/foportal/node/11487","2026-05-27","MyeCA Editorial Team - ITR Filing Desk","","","","Human review required: verify claims, source fit, examples, links, CTA, authorship, and visible body; then record approval in the CMS or source context."
"P3","/blog/small-business-44ad-presumptive-itr-4-ay-2026-27","blog","needs_revision","no","informational","Freelancers and owner-managed businesses using Receipts and bank data must be supportable and GST and income-tax turnover may need reconciliation to Presumptive tax is eligibility-based before finalising the return.","44AD ITR-4 AY 2026-27","Presumptive tax is eligibility-based. | Receipts and bank data must be supportable. | GST and income-tax turnover may need reconciliation.","2","Income Tax Department - Downloads for AY 2026-27 ITR utilities: https://www.incometax.gov.in/iec/foportal/downloads/income-tax-returns | Income Tax Department - Tax Credit Mismatch FAQs: https://www.incometax.gov.in/iec/foportal/node/11487","2026-05-27","MyeCA Editorial Team - ITR Filing Desk","","","","Human review required: verify claims, source fit, examples, links, CTA, authorship, and visible body; then record approval in the CMS or source context."
"P3","/blog/standard-deduction-new-regime-salary-pension-ay-2026-27","blog","needs_revision","no","informational","Indian taxpayers or business owners resolving standard deduction new regime AY 2026-27 from current rules and source records.","standard deduction new regime AY 2026-27","Use taxable income, not CTC. | Check Form 16 computation. | Regime comparison should include final salary records.","2","Income Tax Department - Salaried Individuals AY 2026-27: https://www.incometax.gov.in/iec/foportal/help/individual/return-applicable-1 | Income Tax Department - Tax Credit Mismatch FAQs: https://www.incometax.gov.in/iec/foportal/node/11487","2026-05-27","MyeCA Editorial Team - ITR Filing Desk","","","","Human review required: verify claims, source fit, examples, links, CTA, authorship, and visible body; then record approval in the CMS or source context."
"P3","/blog/startup-india-dpiit-recognition-benefits-documents-checklist","blog","needs_revision","no","informational","Startup founders preparing DPIIT recognition records and checking the separate benefit routes.","Startup India recognition","DPIIT recognition is separate from company, LLP, or OPC registration. | Benefit routes may need separate checks after recognition. | The application file should explain the startup's product, market, and innovation clearly.","2","Startup India Recognition: https://www.startupindia.gov.in/content/sih/en/startupgov/startup-recognition-page.html | Startup India Seed Fund Scheme: https://seedfund.startupindia.gov.in/home","2026-05-27","MyeCA Editorial Team - Startup Compliance Desk","","","","Human review required: verify claims, source fit, examples, links, CTA, authorship, and visible body; then record approval in the CMS or source context."
"P3","/blog/startup-india-seed-fund-scheme-application-readiness-guide","blog","needs_revision","no","informational","Startup founders preparing a milestone-based funding file for an incubator or seed-fund application.","Startup India Seed Fund","Funding readiness is not the same as funding approval. | A clear use-of-funds note should connect money requested to milestones. | Accounting and compliance records matter even for early-stage startups.","2","Startup India Seed Fund Scheme: https://seedfund.startupindia.gov.in/home | Startup India Recognition: https://www.startupindia.gov.in/content/sih/en/startupgov/startup-recognition-page.html","2026-05-27","MyeCA Editorial Team - Startup Funding Readiness Desk","","","","Human review required: verify claims, source fit, examples, links, CTA, authorship, and visible body; then record approval in the CMS or source context."
"P3","/blog/startup-services-first-90-days-compliance-roadmap","blog","needs_revision","no","informational","Indian taxpayers or business owners resolving startup compliance roadmap from current rules and source records.","startup compliance roadmap","The first 90 days should create operating records, not only certificates. | Registrations should be prioritized by actual business activity. | Accounting, document vault, and compliance calendar should start early.","3","Startup India: https://www.startupindia.gov.in/ | MCA Portal: https://www.mca.gov.in/ | GST Portal: https://www.gst.gov.in/","2026-05-27","MyeCA Editorial Team - Startup Services Desk","","","","Human review required: verify claims, source fit, examples, links, CTA, authorship, and visible body; then record approval in the CMS or source context."
"P3","/blog/startup-tax-benefits-80iac-angel-tax-incentive-readiness","blog","needs_revision","no","informational","Startup founders reviewing DPIIT recognition, section 80-IAC eligibility, investment, and valuation records before taking a tax position.","startup tax benefits","DPIIT recognition is not the same as tax benefit approval. | Investor and valuation records should be preserved before claiming positions. | Startup tax benefit work should be reviewed against current law and facts.","2","Startup India Recognition: https://www.startupindia.gov.in/content/sih/en/startupgov/startup-recognition-page.html | Income Tax Department: https://www.incometax.gov.in/","2026-05-27","MyeCA Editorial Team - Startup Tax Readiness Desk","","","","Human review required: verify claims, source fit, examples, links, CTA, authorship, and visible body; then record approval in the CMS or source context."
"P3","/blog/tan-registration-tds-deductor-readiness-checklist","blog","needs_revision","no","informational","Businesses becoming TDS or TCS deductors and setting up TAN, payment, and quarterly return records.","TAN registration","TAN is separate from PAN and supports TDS/TCS compliance. | Payment types should be mapped before the first deduction. | Challans and returns should be archived by quarter.","1","Income Tax Department - Know TAN Details: https://www.incometax.gov.in/iec/foportal/help/all-topics/e-filing-services/know-tan-details","2026-05-27","MyeCA Editorial Team - TDS Compliance Desk","","","","Human review required: verify claims, source fit, examples, links, CTA, authorship, and visible body; then record approval in the CMS or source context."
"P3","/blog/tax-credit-mismatch-tds-form-26as-ay-2026-27","blog","needs_revision","no","informational","Taxpayers using TDS mismatch may need deductor correction and Rectification and revision are different routes to Form 26AS is central for tax-credit matching before filing or responding for tax credit mismatch AY 2026-27.","tax credit mismatch AY 2026-27","Form 26AS is central for tax-credit matching. | TDS mismatch may need deductor correction. | Rectification and revision are different routes.","2","Income Tax Department - Tax Credit Mismatch FAQs: https://www.incometax.gov.in/iec/foportal/node/11487 | Income Tax Department - AIS FAQ: https://www.incometax.gov.in/iec/foportal/ais-faq","2026-05-27","MyeCA Editorial Team - ITR Filing Desk","","","","Human review required: verify claims, source fit, examples, links, CTA, authorship, and visible body; then record approval in the CMS or source context."
"P3","/blog/tax-planning-calendar-for-individuals","blog","needs_revision","no","commercial","Taxpayers using Use July filing results to improve current-year planning and Reconcile AIS, Form 26AS, TDS, and capital gains mid-year to Start tax planning in April instead of waiting for March before choosing the treatment for tax planning.","tax planning","Start tax planning in April instead of waiting for March. | Use July filing results to improve current-year planning. | Reconcile AIS, Form 26AS, TDS, and capital gains mid-year.","3","Income Tax Department - Income Tax Returns FAQs: https://www.incometax.gov.in/iec/foportal/help/all-topics/e-filing-services/%20income%20tax%20returns-faq | Income Tax Department - Salaried Individuals AY 2026-27: https://www.incometax.gov.in/iec/foportal/help/individual/return-applicable-1 | Income Tax Department - AIS Guidance: https://www.incometax.gov.in/iec/foportal/help/all-topics/e-filing-services/ais-annual-information-statement","2026-04-12","MyeCA Editorial Team - Tax Planning Desk","","","","Human review required: verify claims, source fit, examples, links, CTA, authorship, and visible body; then record approval in the CMS or source context."
"P3","/blog/tax-year-2026-27-vs-assessment-year-ay-2026-27-explained","blog","needs_revision","no","informational","Individual taxpayers using AY 2026-27 is used for FY 2025-26 return filing context and A simple record label prevents year-selection mistakes to Tax Year 2026-27 starts from 1 April 2026 before reporting Tax Year 2026-27 vs AY 2026-27.","Tax Year 2026-27 vs AY 2026-27","Tax Year 2026-27 starts from 1 April 2026. | AY 2026-27 is used for FY 2025-26 return filing context. | A simple record label prevents year-selection mistakes.","2","Income Tax Department - New Act transition FAQs: https://www.incometax.gov.in/iec/foportal/help/all-topics/e-filing-services/objective-and-scope-new-act-faq | Income Tax Department - Act 2025 commencement update: https://www.incometaxindia.gov.in/w/income-tax-act-2025-comes-into-force-from-1st-april-2026","2026-05-27","MyeCA Editorial Team - New Income Tax Law Desk","","","","Human review required: verify claims, source fit, examples, links, CTA, authorship, and visible body; then record approval in the CMS or source context."
"P3","/blog/tcs-under-income-tax-act-2025-section-394-guide","blog","needs_revision","no","informational","Freelancers and owner-managed businesses using Customer PAN, invoices, challans, and returns should reconcile and TCS credits can affect customer AIS and return matching to TCS applies only where the collection rule fits the transaction before finalising the return.","TCS under Income-tax Act 2025 section 394","TCS applies only where the collection rule fits the transaction. | Customer PAN, invoices, challans, and returns should reconcile. | TCS credits can affect customer AIS and return matching.","3","Income Tax Department - TDS compliance under 2025 Act: https://www.incometax.gov.in/iec/foportal/help/all-topics/tds-on-sale-of-property/guide-to-tds-compliance-under-the-income-tax-act-2025-faq | Income Tax Department - Income-tax Act, 2025 PDF: https://www.incometaxindia.gov.in/documents/d/guest/income_tax_act_2025_as_amended_by_fa_act_2026-pdf | Income Tax Department - Forms under the 2025 Act: https://www.incometax.gov.in/iec/foportal/help/all-topics/e-filing-services/income-tax-forms","2026-05-27","MyeCA Editorial Team - New Income Tax Law Desk","","","","Human review required: verify claims, source fit, examples, links, CTA, authorship, and visible body; then record approval in the CMS or source context."
"P3","/blog/tds-credit-ais-form-168-transition-ay-2026-27","blog","needs_revision","no","informational","Taxpayers using AIS, Form 26AS, and certificates should be reviewed together and New form labels should not distract from credit reconciliation to Tax credit depends on correct deductor reporting and taxpayer matching before filing or responding for TDS credit AIS Form 168 transition.","TDS credit AIS Form 168 transition","Tax credit depends on correct deductor reporting and taxpayer matching. | AIS, Form 26AS, and certificates should be reviewed together. | New form labels should not distract from credit reconciliation.","3","Income Tax Department - Forms under the 2025 Act: https://www.incometax.gov.in/iec/foportal/help/all-topics/e-filing-services/income-tax-forms | Income Tax Department - Guide to 2025 Act forms: https://www.incometax.gov.in/iec/foportal/sites/default/files/2026-03/Guide%20to%20IT%20Act%202025%20forms.pdf | Income Tax Department - TDS compliance under 2025 Act: https://www.incometax.gov.in/iec/foportal/help/all-topics/tds-on-sale-of-property/guide-to-tds-compliance-under-the-income-tax-act-2025-faq","2026-05-27","MyeCA Editorial Team - New Income Tax Law Desk","","","","Human review required: verify claims, source fit, examples, links, CTA, authorship, and visible body; then record approval in the CMS or source context."
"P3","/blog/tds-march-april-2026-transition-payroll-vendors","blog","needs_revision","no","informational","Freelancers and owner-managed businesses using Payroll, vendor, and rent TDS should not be mixed in one transition bucket and Challans, returns, certificates, and books should reconcile monthly to March 2026 and April 2026 payments should be tagged by date and period before finalising the return.","TDS March April 2026 transition","March 2026 and April 2026 payments should be tagged by date and period. | Payroll, vendor, and rent TDS should not be mixed in one transition bucket. | Challans, returns, certificates, and books should reconcile monthly.","2","Income Tax Department - TDS compliance under 2025 Act: https://www.incometax.gov.in/iec/foportal/help/all-topics/tds-on-sale-of-property/guide-to-tds-compliance-under-the-income-tax-act-2025-faq | Income Tax Department - New Act transition FAQs: https://www.incometax.gov.in/iec/foportal/help/all-topics/e-filing-services/objective-and-scope-new-act-faq","2026-05-27","MyeCA Editorial Team - New Income Tax Law Desk","","","","Human review required: verify claims, source fit, examples, links, CTA, authorship, and visible body; then record approval in the CMS or source context."
"P3","/blog/tds-return-filing-checklist-employers-vendors","blog","needs_revision","no","informational","Employers and finance teams reconciling deductee PANs, section mapping, challans, and quarterly TDS returns.","TDS return filing","Deductee PAN and section mapping should be checked before filing. | Challans must match deduction records. | Acknowledgements and correction records should be archived every quarter.","1","Income Tax Department: https://www.incometax.gov.in/","2026-05-27","MyeCA Editorial Team - TDS Compliance Desk","","","","Human review required: verify claims, source fit, examples, links, CTA, authorship, and visible body; then record approval in the CMS or source context."
"P3","/blog/tds-tcs-threshold-rationalisation-finance-act-2025-checklist","blog","needs_revision","no","informational","Freelancers and owner-managed businesses using Vendor and customer masters need PAN and category checks and Monthly reconciliation reduces wrong-deduction and credit-mismatch risk to Threshold changes should be implemented in payroll, accounts, and billing systems before finalising the return.","TDS TCS threshold rationalisation Finance Act 2025","Threshold changes should be implemented in payroll, accounts, and billing systems. | Vendor and customer masters need PAN and category checks. | Monthly reconciliation reduces wrong-deduction and credit-mismatch risk.","3","Income Tax Department - Finance Act 2025 highlights: https://www.incometaxindia.gov.in/news/tax_proposals_in_brief_budget_2025.pdf | Income Tax Department - Budget 2025 income tax FAQs: https://www.incometaxindia.gov.in/news/faqs-on-budget-2025.pdf | Income Tax Department - TDS compliance under 2025 Act: https://www.incometax.gov.in/iec/foportal/help/all-topics/tds-on-sale-of-property/guide-to-tds-compliance-under-the-income-tax-act-2025-faq","2026-05-27","MyeCA Editorial Team - New Income Tax Law Desk","","","","Human review required: verify claims, source fit, examples, links, CTA, authorship, and visible body; then record approval in the CMS or source context."
"P3","/blog/tds-under-income-tax-act-2025-sections-392-393","blog","needs_revision","no","informational","Freelancers and owner-managed businesses using Salary and non-salary deduction routes need separate records and Deductors should reconcile challans, returns, certificates, and AIS credits to TDS compliance should be reviewed by payment type and date before finalising the return.","TDS under Income-tax Act 2025 sections 392 393","TDS compliance should be reviewed by payment type and date. | Salary and non-salary deduction routes need separate records. | Deductors should reconcile challans, returns, certificates, and AIS credits.","3","Income Tax Department - TDS compliance under 2025 Act: https://www.incometax.gov.in/iec/foportal/help/all-topics/tds-on-sale-of-property/guide-to-tds-compliance-under-the-income-tax-act-2025-faq | Income Tax Department - Income-tax Act, 2025 PDF: https://www.incometaxindia.gov.in/documents/d/guest/income_tax_act_2025_as_amended_by_fa_act_2026-pdf | Income Tax Department - Forms under the 2025 Act: https://www.incometax.gov.in/iec/foportal/help/all-topics/e-filing-services/income-tax-forms","2026-05-27","MyeCA Editorial Team - New Income Tax Law Desk","","","","Human review required: verify claims, source fit, examples, links, CTA, authorship, and visible body; then record approval in the CMS or source context."
"P3","/blog/trade-license-registration-shops-restaurants-local-businesses","blog","needs_revision","no","informational","Shop, restaurant, and local-business owners checking the authority, premises, and renewal requirements for a trade licence.","trade license registration","Trade license rules are local and authority-specific. | Food businesses may need FSSAI along with local trade permission. | Renewal and premises changes should be tracked after registration.","2","India Code: https://www.indiacode.nic.in/ | India.gov.in Business Information: https://www.india.gov.in/topics/business-industry","2026-05-27","MyeCA Editorial Team - Local Business Compliance Desk","","","","Human review required: verify claims, source fit, examples, links, CTA, authorship, and visible body; then record approval in the CMS or source context."
"P3","/blog/trademark-registration-india-search-class-filing-objection","blog","needs_revision","no","informational","Founders and brand owners preparing a trademark search, class choice, filing, and objection-response record.","trademark registration","Trademark filing starts the process; registration is not immediate. | Search and class selection should happen before application filing. | Objection and opposition readiness should be part of the filing file.","1","IP India Trademark Filing Process: https://ipindia.gov.in/application-workflow/trademark-filing-process","2026-05-27","MyeCA Editorial Team - Brand Registration Desk","","","","Human review required: verify claims, source fit, examples, links, CTA, authorship, and visible body; then record approval in the CMS or source context."
"P3","/blog/two-house-properties-itr-1-itr-4-ay-2026-27","blog","needs_revision","no","informational","Individuals with two house properties checking whether their AY 2026-27 facts fit ITR-1 or ITR-4.","two house properties ITR-1 AY 2026-27","House property count can affect form choice. | Interest and loss treatment need care. | Simplified form eligibility still has exclusions.","2","Income Tax Department - Downloads for AY 2026-27 ITR utilities: https://www.incometax.gov.in/iec/foportal/downloads/income-tax-returns | Income Tax Department - Salaried Individuals AY 2026-27: https://www.incometax.gov.in/iec/foportal/help/individual/return-applicable-1","2026-05-27","MyeCA Editorial Team - ITR Filing Desk","","","","Human review required: verify claims, source fit, examples, links, CTA, authorship, and visible body; then record approval in the CMS or source context."
"P3","/blog/two-self-occupied-house-property-finance-act-2025-guide","blog","needs_revision","no","informational","Homeowners reviewing the tax and form-selection treatment of two self-occupied properties after the Finance Act 2025 change.","two self occupied house properties Finance Act 2025","Homeowners should identify self-occupied and let-out treatment carefully. | Loan interest records should be matched with property status. | Form selection can change when house-property facts become complex.","2","Income Tax Department - Finance Act 2025 highlights: https://www.incometaxindia.gov.in/news/tax_proposals_in_brief_budget_2025.pdf | Income Tax Department - Budget 2025 income tax FAQs: https://www.incometaxindia.gov.in/news/faqs-on-budget-2025.pdf","2026-05-27","MyeCA Editorial Team - New Income Tax Law Desk","","","","Human review required: verify claims, source fit, examples, links, CTA, authorship, and visible body; then record approval in the CMS or source context."
"P3","/blog/updated-return-48-months-finance-act-2025-guide","blog","needs_revision","no","informational","Taxpayers using It is not a blanket tool for every mistake and Taxpayers should compare revised return, rectification, notice response, and updated return routes to The updated-return window should be checked with eligibility and additional tax before filing or responding for updated return 48 months Finance Act 2025.","updated return 48 months Finance Act 2025","The updated-return window should be checked with eligibility and additional tax. | It is not a blanket tool for every mistake. | Taxpayers should compare revised return, rectification, notice response, and updated return routes.","3","Income Tax Department - Finance Act 2025 highlights: https://www.incometaxindia.gov.in/news/tax_proposals_in_brief_budget_2025.pdf | Income Tax Department - Budget 2025 income tax FAQs: https://www.incometaxindia.gov.in/news/faqs-on-budget-2025.pdf | Income Tax Department - New Act transition FAQs: https://www.incometax.gov.in/iec/foportal/help/all-topics/e-filing-services/objective-and-scope-new-act-faq","2026-05-27","MyeCA Editorial Team - New Income Tax Law Desk","","","","Human review required: verify claims, source fit, examples, links, CTA, authorship, and visible body; then record approval in the CMS or source context."
"P3","/blog/virtual-cfo-mis-cash-flow-compliance-reporting-guide","blog","needs_revision","no","informational","Indian taxpayers or business owners resolving virtual CFO from current rules and source records.","virtual CFO","Virtual CFO support turns books into management reporting. | Cash flow and compliance dues should be reviewed together. | Monthly action notes keep owners and deadlines visible.","2","MCA Portal: https://www.mca.gov.in/ | Startup India: https://www.startupindia.gov.in/","2026-05-27","MyeCA Editorial Team - Virtual CFO Desk","","","","Human review required: verify claims, source fit, examples, links, CTA, authorship, and visible body; then record approval in the CMS or source context."
"P3","/blog/wait-for-ais-form-26as-before-filing-itr-ay-2026-27","blog","needs_revision","no","informational","Taxpayers using Refund claims should match tax-credit records and Wrong AIS entries should be reviewed, not ignored to AIS is broader than Form 26AS before filing or responding for AIS.","AIS","AIS is broader than Form 26AS. | Refund claims should match tax-credit records. | Wrong AIS entries should be reviewed, not ignored.","5","Income Tax Department - Income Tax Returns FAQs: https://www.incometax.gov.in/iec/foportal/help/all-topics/e-filing-services/%20income%20tax%20returns-faq | Income Tax Department - Salaried Individuals AY 2026-27: https://www.incometax.gov.in/iec/foportal/help/individual/return-applicable-1 | Income Tax Department - Income Tax Act 2025 Transition FAQs: https://www.incometax.gov.in/iec/foportal/help/all-topics/e-filing-services/objective-and-scope-new-act-faq | Income Tax Department - AIS Guidance: https://www.incometax.gov.in/iec/foportal/help/all-topics/e-filing-services/ais-annual-information-statement | Income Tax Department - AIS and Form 26AS FAQs: https://www.incometax.gov.in/iec/foportal/sites/default/files/2022-07/Click%20Here_1.pdf","2026-05-05","MyeCA Editorial Team - ITR Filing Desk","","","","Human review required: verify claims, source fit, examples, links, CTA, authorship, and visible body; then record approval in the CMS or source context."
"P3","/blog/when-will-itr-filing-start-ay-2026-27","blog","needs_revision","no","informational","Individuals waiting to file an AY 2026-27 return and checking whether utilities, TDS data, and source records are ready.","ITR filing start","Use AY 2026-27 for FY 2025-26 income. | Wait for complete TDS data if you are claiming refund. | Filing is not complete until e-verification.","6","Income Tax Department - Latest News: https://www.incometax.gov.in/iec/foportal/latest-news | Income Tax Department - Income Tax Returns FAQs: https://www.incometax.gov.in/iec/foportal/help/all-topics/e-filing-services/%20income%20tax%20returns-faq | Income Tax Department - Salaried Individuals AY 2026-27: https://www.incometax.gov.in/iec/foportal/help/individual/return-applicable-1 | Income Tax Department - Income Tax Act 2025 Transition FAQs: https://www.incometax.gov.in/iec/foportal/help/all-topics/e-filing-services/objective-and-scope-new-act-faq | Income Tax Department - AIS Guidance: https://www.incometax.gov.in/iec/foportal/help/all-topics/e-filing-services/ais-annual-information-statement | Income Tax Department - AIS and Form 26AS FAQs: https://www.incometax.gov.in/iec/foportal/sites/default/files/2022-07/Click%20Here_1.pdf","2026-05-05 | 2026-06-07","MyeCA Editorial Team - ITR Filing Desk","","","","Human review required: verify claims, source fit, examples, links, CTA, authorship, and visible body; then record approval in the CMS or source context."
"P3","/blog/which-itr-form-salary-plus-capital-gains-ay-2026-27","blog","needs_revision","no","informational","Investors and traders calculating and reporting salary capital gains ITR from broker, sale, and cost records.","salary capital gains ITR","Salary plus capital gains usually needs ITR-2. | Trading income can require ITR-3. | Report losses on time to preserve benefits.","5","Income Tax Department - Income Tax Returns FAQs: https://www.incometax.gov.in/iec/foportal/help/all-topics/e-filing-services/%20income%20tax%20returns-faq | Income Tax Department - Salaried Individuals AY 2026-27: https://www.incometax.gov.in/iec/foportal/help/individual/return-applicable-1 | Income Tax Department - Income Tax Act 2025 Transition FAQs: https://www.incometax.gov.in/iec/foportal/help/all-topics/e-filing-services/objective-and-scope-new-act-faq | Income Tax Department - AIS Guidance: https://www.incometax.gov.in/iec/foportal/help/all-topics/e-filing-services/ais-annual-information-statement | Income Tax Department - AIS and Form 26AS FAQs: https://www.incometax.gov.in/iec/foportal/sites/default/files/2022-07/Click%20Here_1.pdf","2026-05-05","MyeCA Editorial Team - ITR Filing Desk","","","","Human review required: verify claims, source fit, examples, links, CTA, authorship, and visible body; then record approval in the CMS or source context."
"P3","/blog/zero-tax-12-lakh-section-87a-rebate-ay-2026-27","blog","needs_revision","no","informational","Individual taxpayers using Taxable income matters more than CTC and Special-rate income can change the result to Rebate is not the same as exemption before reporting Section 87A.","Section 87A","Rebate is not the same as exemption. | Taxable income matters more than CTC. | Special-rate income can change the result.","5","Income Tax Department - Income Tax Returns FAQs: https://www.incometax.gov.in/iec/foportal/help/all-topics/e-filing-services/%20income%20tax%20returns-faq | Income Tax Department - Salaried Individuals AY 2026-27: https://www.incometax.gov.in/iec/foportal/help/individual/return-applicable-1 | Income Tax Department - Income Tax Act 2025 Transition FAQs: https://www.incometax.gov.in/iec/foportal/help/all-topics/e-filing-services/objective-and-scope-new-act-faq | Income Tax Department - AIS Guidance: https://www.incometax.gov.in/iec/foportal/help/all-topics/e-filing-services/ais-annual-information-statement | Income Tax Department - AIS and Form 26AS FAQs: https://www.incometax.gov.in/iec/foportal/sites/default/files/2022-07/Click%20Here_1.pdf","2026-05-05","MyeCA Editorial Team - ITR Filing Desk","","","","Human review required: verify claims, source fit, examples, links, CTA, authorship, and visible body; then record approval in the CMS or source context."
